city_id,restaurant_id,food_id,food_name,price,is_dinner,food_type,cuisine,Beijing,Tianjin,Hebei,Shanxi,Nei Mongol,Liaoning,Jilin,Heilongjiang,Shanghai,Jiangsu,Zhejiang,Anhui,Fujian,Jiangxi,Shandong,Henan,Hubei,Hunan,Guangdong,Guangxi,Hainan,Chongqing,Sichuan,Guizhou,Yunnan,Xizang,Shanxi2,Gansu,Qinghai,Ningxia,Xinjiang,not-spicy,slightly-spicy,medium-spicy,extra-spicy,child,teenager,adult,middle-ager,elderly,breakfast,lunch,dinner,afternoon-tea,night-snack,male,female,spring,summer,autumn,winter,food_score,image_name
2,1,1,À÷œ„ƒ€øæ—º,259,0,1,0,4,4,3,3,3,3,3,3,2,2,2,2,2,2,3,3,2,2,2,2,2,2,2,2,2,2,3,3,3,3,2,1,0,0,0,4,4,4,4,4,2,4,4,1,4,3,3,4,4,4,4,1,2-1-1.jpg
2,1,2,±¥¿’øæ»‚,88,0,1,0,3,3,3,3,3,3,3,3,3,3,3,3,3,3,3,3,3,3,3,3,3,2,2,2,3,3,3,3,3,3,3,1,0,0,0,3,4,4,4,3,2,4,4,1,4,3,3,4,4,4,2,1,2-1-2.jpg
2,1,3,«…∞Ë∂π√Á,45,0,1,0,3,3,3,3,3,3,3,3,3,3,3,3,3,3,3,3,3,3,3,3,3,3,3,3,3,3,3,3,3,3,3,1,0,0,0,4,4,3,3,4,2,4,4,1,3,3,3,4,4,2,2,2,2-1-3.jpg
2,1,4,√€÷≠À÷∆§œ∫,89,0,1,0,4,4,4,4,3,4,4,4,3,3,3,3,3,2,4,3,2,2,3,3,3,2,2,2,3,3,3,3,3,3,3,1,0,0,0,4,4,4,4,3,5,4,4,1,4,3,3,4,4,4,4,2,2-1-4.jpg
2,1,5,¿œ±±æ©’®Ω¥√Ê,26,1,1,0,3,3,3,3,3,3,3,3,3,3,3,3,3,3,3,3,3,3,3,3,3,3,3,3,3,3,3,3,3,3,3,1,1,1,0,4,4,4,4,4,2,4,4,1,4,4,3,4,4,4,4,3,2-1-5.jpg
2,1,6,π¨±£º¶∂°,49,0,1,0,3,3,3,3,3,3,3,3,2,2,2,2,3,3,3,3,4,4,3,3,3,4,4,4,3,3,3,3,3,3,3,1,1,0,0,4,4,4,4,3,2,4,4,1,4,3,3,4,4,4,4,3,2-1-6.jpg
2,1,7,ΩÊƒ©—º’∆,69,0,1,0,4,4,4,4,3,4,4,4,3,3,3,3,3,2,4,3,2,2,3,3,3,2,2,2,3,3,3,3,3,3,3,1,1,1,1,3,4,4,4,3,2,4,4,1,4,4,3,4,4,4,4,4,2-1-7.jpg
2,1,8,Õ„∂πª∆,22,0,1,0,4,3,3,3,3,3,3,3,3,3,3,3,3,3,3,3,3,3,3,3,3,2,2,2,2,3,3,3,3,3,3,1,0,0,0,4,4,4,4,3,2,4,4,1,4,3,3,4,4,4,4,4,2-1-8.jpg
2,1,9,¬ø¥Úπˆ,25,0,1,0,3,3,3,3,3,3,3,3,2,2,2,2,3,3,3,3,4,4,3,3,3,4,4,4,3,3,3,3,3,3,3,1,0,0,0,4,4,4,4,3,2,4,4,1,3,4,3,4,4,4,4,5,2-1-9.jpg
2,1,10,π¨Õ¢–”» ∂π∏Ø,16,0,1,0,4,3,3,3,3,3,3,3,3,3,3,3,3,3,3,3,3,3,3,3,3,2,2,2,2,3,3,3,3,3,3,1,0,0,0,4,4,4,4,4,2,4,4,1,4,3,3,4,4,4,2,5,2-1-10.jpg
2,2,1,√‹‘∆…’»‚,168,1,1,0,4,4,4,4,3,4,4,4,3,3,3,3,3,2,4,3,2,2,3,3,3,2,2,2,3,3,3,3,3,3,3,1,1,1,0,4,4,4,4,4,2,4,4,1,4,3,3,4,4,4,4,1,2-2-1.jpg
2,2,2,œ„¥–≥¥Õ¡º¶µ∞,38,0,1,0,4,3,3,3,3,3,3,3,3,3,3,3,3,3,3,3,3,3,3,3,3,2,2,2,2,3,3,3,3,3,3,1,0,0,0,4,4,4,4,4,2,4,4,1,4,3,3,4,4,4,2,1,2-2-2.jpg
2,2,3,—Œ¬±¿œ∂π∏Ø,48,0,1,0,3,3,3,3,3,3,3,3,3,3,3,3,3,3,3,3,3,3,3,3,3,3,3,3,3,3,3,3,3,3,3,1,0,0,0,4,4,4,4,4,2,4,4,1,4,3,4,4,4,4,4,2,2-2-3.jpg
2,2,4,æ¬≤À≥¥–°∫”œ∫,58,0,1,0,3,3,3,3,3,3,3,3,2,2,2,2,3,3,3,3,4,4,3,3,3,4,4,4,3,3,3,3,3,3,3,1,0,0,0,4,4,4,4,3,2,4,4,1,4,3,3,4,4,2,2,2,2-2-4.jpg
2,2,5,≤Òº¶Ï¿ƒ¢πΩ,128,1,1,0,4,4,4,4,3,4,4,4,3,3,3,3,3,2,4,3,2,2,3,3,3,2,2,2,3,3,3,3,3,3,3,1,1,1,0,4,4,4,4,4,2,4,4,1,4,3,3,4,4,4,4,3,2-2-5.jpg
2,2,6,π≈∑®’Ù∫ÀÃ“,88,0,1,0,3,3,3,3,3,3,3,3,3,3,3,3,3,3,3,3,3,3,3,3,3,3,3,3,3,3,3,3,3,3,3,1,0,0,0,4,4,4,4,4,2,4,4,1,3,3,3,4,4,4,4,3,2-2-6.jpg
2,2,7,–°¥–∞Ë∂π∏Ø,22,1,1,0,3,3,3,3,3,3,3,3,2,2,2,2,3,3,3,3,4,4,3,3,3,4,4,4,3,3,3,3,3,3,3,1,0,0,0,4,4,4,4,4,2,3,3,1,3,3,3,4,4,4,2,4,2-2-7.jpg
2,2,8,∞Â¿ıŒÂª®»‚,58,0,1,0,3,3,3,3,3,3,3,3,2,2,2,2,3,3,3,3,4,4,3,3,3,4,4,4,3,3,3,3,3,3,3,1,0,0,0,4,4,4,4,4,2,4,4,1,3,3,3,4,4,4,4,4,2-2-8.jpg
2,2,9,≈®Ã¿Ωπ≥‘”≤ÀÏ“,78,0,1,0,4,4,4,4,3,4,4,4,3,3,3,3,3,2,4,3,2,2,3,3,3,2,2,2,3,3,3,3,3,3,3,1,1,0,0,4,4,4,4,4,2,4,4,1,3,3,3,4,4,4,4,5,2-2-9.jpg
2,2,10,≥§∂πΩ«¡ππœƒœ«—,42,0,1,0,3,3,3,3,3,3,3,3,2,2,2,2,3,3,3,3,4,4,3,3,3,4,4,4,3,3,3,3,3,3,3,1,0,0,0,4,4,4,4,4,2,4,4,1,3,3,4,4,4,2,2,5,2-2-10.jpg
2,3,1,¬±÷Û,35,1,1,0,4,4,4,4,3,4,4,4,3,3,3,3,3,2,4,3,2,2,3,3,3,2,2,2,3,3,3,3,3,3,3,1,1,1,1,4,4,4,4,4,2,4,4,1,4,3,3,4,4,4,4,1,2-3-1.jpg
2,3,2,¿œ±±æ©’®π‡≥¶,16,0,1,0,4,4,3,3,3,3,3,3,2,2,2,2,2,2,3,3,2,2,2,2,2,2,2,2,2,2,3,3,3,3,2,1,0,0,0,3,4,3,3,3,2,4,4,1,4,3,4,4,4,4,4,1,2-3-2.jpg
2,3,3,¿œ±±æ©—Ú»‚¥Æ,10,0,1,0,3,3,3,3,3,3,3,3,3,3,3,3,3,3,3,3,3,3,3,3,3,2,2,2,3,3,3,3,3,3,3,1,1,1,1,3,4,4,4,3,2,4,4,1,4,3,3,4,4,4,2,2,2-3-3.jpg
2,3,4,¿œ±±æ©’®Ω¥√Ê,28,1,1,0,3,3,3,3,3,3,3,3,3,3,3,3,3,3,3,3,3,3,3,3,3,3,3,3,3,3,3,3,3,3,3,1,1,1,1,4,4,4,4,4,5,4,4,1,4,4,3,4,4,4,4,2,2-3-4.jpg
2,3,5,¿œ±±æ©±¨∂«,52,1,1,0,4,4,4,4,3,4,4,4,3,3,3,3,3,2,4,3,2,2,3,3,3,2,2,2,3,3,3,3,3,3,3,1,1,1,1,3,4,4,4,3,2,4,4,1,4,3,4,4,4,4,4,3,2-3-5.jpg
2,3,6,’®ø©÷®,16,0,1,0,3,3,3,3,3,3,3,3,3,3,3,3,3,3,3,3,3,3,3,3,3,3,3,3,3,3,3,3,3,3,3,1,0,0,0,4,4,3,3,3,2,4,4,1,3,3,3,4,4,4,4,3,2-3-6.jpg
2,3,7,Àÿ¡π≤À,12,0,1,0,3,3,3,3,3,3,3,3,2,2,2,2,3,3,3,3,4,4,3,3,3,4,4,4,3,3,3,3,3,3,3,1,0,0,0,4,4,4,4,4,2,4,4,1,3,3,3,4,4,4,2,4,2-3-7.jpg
2,3,8,¿œ±±æ©¬È∂π∏Ø,22,0,1,0,4,4,4,4,3,4,4,4,3,3,3,3,3,2,4,3,2,2,3,3,3,2,2,2,3,3,3,3,3,3,3,1,0,0,0,4,4,4,4,4,2,4,4,1,3,3,3,4,4,4,4,4,2-3-8.jpg
2,3,9,π‡≥¶∂˘,16,0,1,0,4,3,3,3,3,3,3,3,3,3,3,3,3,3,3,3,3,3,3,3,3,2,2,2,2,3,3,3,3,3,3,1,1,1,1,4,4,4,4,4,2,4,4,1,4,3,3,4,4,4,4,5,2-3-9.jpg
2,3,10,¿œ±±æ©∑€≥¶,22,0,1,0,3,3,3,3,3,3,3,3,2,2,2,2,3,3,3,3,4,4,3,3,3,4,4,4,3,3,3,3,3,3,3,1,1,1,0,4,4,4,4,4,2,4,4,1,4,3,3,4,4,4,4,5,2-3-10.jpg
2,4,1,√¿π˙∑Á«ÈÕ¡∂π≈‡∏˘±»»¯,43,1,2,0,4,3,3,3,3,3,3,3,3,3,3,3,3,3,3,3,3,3,3,3,3,2,2,2,2,3,3,3,3,3,3,1,1,1,1,4,4,4,4,3,2,4,4,1,4,4,3,4,4,4,4,1,2-4-1.jpg
2,4,2,≥¨º∂œƒÕ˛“ƒ,43,1,2,0,4,4,4,4,3,4,4,4,3,3,3,3,3,2,4,3,2,2,3,3,3,2,2,2,3,3,3,3,3,3,3,1,1,1,1,4,4,4,4,3,2,4,4,1,4,3,3,4,4,4,4,1,2-4-2.jpg
2,4,3,œ„Ã≤§¬‹À´œ∫±»»¯,69,1,2,0,4,3,3,3,3,3,3,3,3,3,3,3,3,3,3,3,3,3,3,3,3,2,2,2,2,3,3,3,3,3,3,1,1,1,1,4,4,4,4,3,2,4,4,1,4,4,3,4,4,4,4,2,2-4-3.jpg
2,4,4,’’…’∑ÁŒ∂≈£»‚Õ¡∂π±»»¯,78,1,2,0,3,3,3,3,3,3,3,3,3,3,3,3,3,3,3,3,3,3,3,3,3,3,3,3,3,3,3,3,3,3,3,1,1,1,1,4,4,4,4,3,2,4,4,1,4,3,3,4,4,4,4,2,2-4-4.jpg
2,4,5,øæ≥·∆¥≈Ã,46,1,2,0,3,3,3,3,3,3,3,3,2,2,2,2,3,3,3,3,4,4,3,3,3,4,4,4,3,3,3,3,3,3,3,1,1,1,1,4,4,4,4,3,2,4,4,1,4,4,3,4,4,4,4,3,2-4-5.jpg
2,4,6,æ≠µ‰“‚ Ω»‚Ω¥±»»¯,58,1,2,0,4,4,4,4,3,4,4,4,3,3,3,3,3,2,4,3,2,2,3,3,3,2,2,2,3,3,3,3,3,3,3,1,1,1,1,4,4,4,4,3,2,4,4,1,4,3,3,4,4,4,4,3,2-4-6.jpg
2,4,7,«…øÀ¡¶»€—“µ∞∏‚,16,1,2,0,3,3,3,3,3,3,3,3,3,3,3,3,3,3,3,3,3,3,3,3,3,3,3,3,3,3,3,3,3,3,3,1,1,1,1,4,4,4,4,3,2,4,4,1,4,3,3,4,4,4,4,4,2-4-7.jpg
2,4,8,“‚¥Û¿˚∑Á«È»‚Ω¥√Ê,29,1,2,0,3,3,3,3,3,3,3,3,2,2,2,2,3,3,3,3,4,4,3,3,3,4,4,4,3,3,3,3,3,3,3,1,1,1,1,4,4,4,4,3,2,4,4,1,4,3,3,4,4,4,4,4,2-4-8.jpg
2,4,9,bbqº¶»‚±»»¯,55,1,2,0,3,3,3,3,3,3,3,3,2,2,2,2,3,3,3,3,4,4,3,3,3,4,4,4,3,3,3,3,3,3,3,1,1,1,1,4,4,4,4,3,2,4,4,1,4,3,4,4,4,4,4,5,2-4-9.jpg
2,4,10,√¿¿÷ƒ€÷≠º¶øÈ,22,1,2,0,4,4,4,4,3,4,4,4,3,3,3,3,3,2,4,3,2,2,3,3,3,2,2,2,3,3,3,3,3,3,3,1,1,1,1,4,4,4,4,3,2,4,4,1,4,3,3,4,4,4,4,5,2-4-10.jpg
2,5,1,æ´∆∑øæ—º,168,1,1,0,3,3,3,3,3,3,3,3,2,2,2,2,3,3,3,3,4,4,3,3,3,4,4,4,3,3,3,3,3,3,3,1,0,0,0,4,4,4,4,4,2,4,4,1,4,3,3,4,4,4,4,1,2-5-1.jpg
2,5,2, ÷π§ƒÃ∆§À·ƒÃ,8,0,1,0,4,4,4,4,3,4,4,4,3,3,3,3,3,2,4,3,2,2,3,3,3,2,2,2,3,3,3,3,3,3,3,1,0,0,0,4,4,4,4,3,2,4,4,1,4,3,3,4,4,4,2,1,2-5-2.jpg
2,5,3,±¥¿’“Øøæ—Ú»‚,88,1,1,0,4,4,4,4,3,4,4,4,3,3,3,3,3,2,4,3,2,2,3,3,3,2,2,2,3,3,3,3,3,3,3,1,1,0,0,4,4,4,4,3,2,4,4,1,3,3,3,4,4,4,4,2,2-5-3.jpg
2,5,4,Ã«ª…’,2.5,1,1,0,3,3,3,3,3,3,3,3,3,3,3,3,3,3,3,3,3,3,3,3,3,3,3,3,3,3,3,3,3,3,3,1,0,0,0,4,4,4,4,3,3,4,4,1,4,3,3,4,4,4,4,2,2-5-4.jpg
2,5,5,Ω∑—Œ—ºº‹,28,1,1,3,4,4,3,3,3,3,3,3,2,2,2,2,2,2,3,3,2,2,2,2,2,2,2,2,2,2,3,3,3,3,2,1,0,0,0,3,3,3,3,3,2,3,3,1,3,3,3,3,3,3,3,3,2-5-5.jpg
2,5,6,¥◊¡Ô‹Ÿﬁ£,58,1,1,3,3,3,3,3,3,3,3,3,3,3,3,3,3,3,3,3,3,3,3,3,3,2,2,2,3,3,3,3,3,3,3,1,0,0,0,2,3,3,3,3,2,3,3,1,2,3,4,3,3,3,3,3,2-5-6.jpg
2,5,7,¥◊¡Ôƒæ–Î,48,1,1,3,3,3,3,3,3,3,3,3,3,3,3,3,3,3,3,3,3,3,3,3,3,3,3,3,3,3,3,3,3,3,3,1,0,0,0,2,3,3,3,3,2,3,3,1,3,3,3,3,3,3,2,4,2-5-7.jpg
2,5,8,«¨¬°∞◊≤À,26,1,3,3,4,4,4,4,3,4,4,4,3,3,3,3,3,2,4,3,2,2,3,3,3,2,2,2,3,3,3,3,3,3,3,1,0,0,0,4,4,4,4,4,1,3,3,4,2,3,4,4,3,3,4,4,2-5-8.jpg
2,5,9,œ∫» ≥¥∏Ì¥Ò,25,1,1,3,3,3,3,3,3,3,3,3,3,3,3,3,3,3,3,3,3,3,3,3,3,3,3,3,3,3,3,3,3,3,3,1,1,1,0,3,3,4,3,2,3,3,3,2,4,3,3,3,3,3,3,5,2-5-9.jpg
2,5,10,…∞π¯»‚ƒ©∑€ÀøÏ“,29,1,1,3,3,3,3,3,3,3,3,3,2,2,2,2,3,3,3,3,4,4,3,3,3,4,4,4,3,3,3,3,3,3,3,1,0,0,0,2,3,4,3,2,3,3,3,2,4,4,3,3,3,3,3,5,2-5-10.jpg
2,6,1,π¨±£º¶Õ»∂°,38,1,1,3,4,4,4,4,3,4,4,4,3,3,3,3,3,2,4,3,2,2,3,3,3,2,2,2,3,3,3,3,3,3,3,1,0,0,0,4,4,4,4,4,1,3,3,4,2,3,4,4,3,3,4,1,2-6-1.jpg
2,6,2,≈£»‚±˝,30,0,1,3,4,3,3,3,3,3,3,3,3,3,3,3,3,3,3,3,3,3,3,3,3,2,2,2,2,3,3,3,3,3,3,1,0,0,0,3,4,4,4,4,4,3,3,2,3,3,3,3,3,3,3,1,2-6-2.jpg
2,6,3,¥´Õ≥æ©Œ∂À·¿±Ã¿,22,1,1,3,3,3,3,3,3,3,3,3,2,2,2,2,3,3,3,3,4,4,3,3,3,4,4,4,3,3,3,3,3,3,3,1,0,0,0,2,3,4,3,2,3,3,3,2,4,3,3,3,3,3,3,2,2-6-3.jpg
2,6,4,¬ÈΩ¥Ã«±˝,22,0,1,3,4,3,3,3,3,3,3,3,3,3,3,3,3,3,3,3,3,3,3,3,3,2,2,2,2,3,3,3,3,3,3,1,0,0,0,3,4,4,4,4,4,3,3,2,3,4,3,3,3,3,3,2,2-6-4.jpg
2,6,5,¥´Õ≥æ©Œ∂∏Ì¥ÒÃ¿,22,1,1,3,4,4,4,4,3,4,4,4,3,3,3,3,3,2,4,3,2,2,3,3,3,2,2,2,3,3,3,3,3,3,3,1,0,0,0,4,4,4,4,4,1,3,3,4,2,3,3,4,3,3,4,3,2-6-5.jpg
2,6,6,÷Ì»‚±˝,28,0,1,3,4,3,3,3,3,3,3,3,3,3,3,3,3,3,3,3,3,3,3,3,3,2,2,2,2,3,3,3,3,3,3,1,0,0,0,3,4,4,4,4,4,3,3,2,3,4,3,3,3,3,3,3,2-6-6.jpg
2,6,7,±±æ©øæ—º»‚±˝,28,1,1,3,3,3,3,3,3,3,3,3,3,3,3,3,3,3,3,3,3,3,3,3,3,3,3,3,3,3,3,3,3,3,3,1,1,1,0,3,3,4,3,2,3,3,3,2,4,3,3,3,3,3,3,4,2-6-7.jpg
2,6,8,À·¿±πœÃı,18,1,1,3,3,3,3,3,3,3,3,3,2,2,2,2,3,3,3,3,4,4,3,3,3,4,4,4,3,3,3,3,3,3,3,1,0,0,0,2,3,4,3,2,3,3,3,2,4,3,3,3,3,3,3,4,2-6-8.jpg
2,6,9,«…∞ËÀøπœº‚,32,1,1,3,4,4,4,4,3,4,4,4,3,3,3,3,3,2,4,3,2,2,3,3,3,2,2,2,3,3,3,3,3,3,3,1,0,0,0,4,4,4,4,4,1,3,3,4,2,3,3,4,3,3,4,5,2-6-9.jpg
2,6,10,–°√◊÷‡,3,1,3,3,3,3,3,3,3,3,3,3,3,3,3,3,3,3,3,3,3,3,3,3,3,3,3,3,3,3,3,3,3,3,3,1,0,0,0,4,4,4,4,4,4,3,3,2,3,3,4,4,3,4,4,5,2-6-10.jpg
2,7,1,¿œ±±æ©’®Ω¥√Ê,22,0,3,3,3,3,3,3,3,3,3,3,2,2,2,2,3,3,3,3,4,4,3,3,3,4,4,4,3,3,3,3,3,3,3,1,0,0,0,2,3,4,3,2,3,3,3,2,4,3,3,3,3,3,3,1,2-7-1.jpg
2,7,2,π˚» ≤§≤À,18,1,1,3,3,3,3,3,3,3,3,3,2,2,2,2,3,3,3,3,4,4,3,3,3,4,4,4,3,3,3,3,3,3,3,1,0,0,0,2,3,4,3,2,3,3,3,2,4,3,3,3,3,3,3,1,2-7-2.jpg
2,7,3,æ©Œ∂Î»±¨∂«,35,1,1,3,4,4,4,4,3,4,4,4,3,3,3,3,3,2,4,3,2,2,3,3,3,2,2,2,3,3,3,3,3,3,3,1,0,0,0,4,4,4,4,4,1,3,3,4,2,3,3,4,3,3,4,2,2-7-3.jpg
2,7,4,¡Ô∏Œº‚,36,1,1,3,3,3,3,3,3,3,3,3,2,2,2,2,3,3,3,3,4,4,3,3,3,4,4,4,3,3,3,3,3,3,3,1,0,0,0,2,3,4,3,2,3,3,3,2,4,3,3,3,3,3,3,2,2-7-4.jpg
2,7,5,∏Ì¥ÒÃ¿,18,1,1,3,4,4,4,4,3,4,4,4,3,3,3,3,3,2,4,3,2,2,3,3,3,2,2,2,3,3,3,3,3,3,3,1,0,0,0,4,4,4,4,4,1,3,3,4,2,3,3,4,3,3,4,3,2-7-5.jpg
2,7,6,∏…’®ÕË◊”,38,1,1,3,3,3,3,3,3,3,3,3,2,2,2,2,3,3,3,3,4,4,3,3,3,4,4,4,3,3,3,3,3,3,3,1,0,0,0,2,3,4,3,2,3,3,3,2,4,3,3,3,3,3,3,3,2-7-6.jpg
2,7,7,œ„¥ª√Á∂π∏ØÀø,18,1,1,3,3,3,3,3,3,3,3,3,3,3,3,3,3,3,3,3,3,3,3,3,3,3,3,3,3,3,3,3,3,3,3,1,0,0,0,4,4,4,4,4,4,3,3,2,3,3,4,4,3,4,4,4,2-7-7.jpg
2,7,8,æ©Œ∂≥¥∫œ≤À,28,1,1,3,3,3,3,3,3,3,3,3,3,3,3,3,3,3,3,3,3,3,3,3,3,3,3,3,3,3,3,3,3,3,3,1,1,1,0,3,3,4,3,2,3,3,3,2,4,3,3,3,3,3,3,4,2-7-8.jpg
2,7,9,∏…π¯—ºÕ∑,52,1,1,3,3,3,3,3,3,3,3,3,3,3,3,3,3,3,3,3,3,3,3,3,3,3,3,3,3,3,3,3,3,3,3,1,0,0,0,4,4,4,4,4,4,3,3,2,3,3,4,4,3,4,4,5,2-7-9.jpg
2,7,10,æ©Ω¥»‚Àø,38,1,1,3,4,4,4,4,3,4,4,4,3,3,3,3,3,2,4,3,2,2,3,3,3,2,2,2,3,3,3,3,3,3,3,1,0,0,0,4,4,4,4,4,1,3,3,4,2,3,3,4,3,3,4,5,2-7-10.jpg
2,8,1,√≈∂§»‚±˝,10,0,1,3,4,3,3,3,3,3,3,3,3,3,3,3,3,3,3,3,3,3,3,3,3,2,2,2,2,3,3,3,3,3,3,1,0,0,0,3,4,4,4,4,4,3,3,2,3,4,3,3,3,3,3,1,2-8-1.jpg
2,8,2,–°√◊÷‡,5,1,1,3,3,3,3,3,3,3,3,3,3,3,3,3,3,3,3,3,3,3,3,3,3,3,3,3,3,3,3,3,3,3,3,1,0,0,0,4,4,4,4,4,4,3,3,2,3,3,4,4,3,4,4,1,2-8-2.jpg
2,8,3,Ãÿ…´≈£»‚±˝,38,1,1,3,4,4,4,4,3,4,4,4,3,3,3,3,3,2,4,3,2,2,3,3,3,2,2,2,3,3,3,3,3,3,3,1,0,0,0,4,4,4,4,4,1,3,3,4,2,3,3,4,3,3,4,2,2-8-3.jpg
2,8,4,Ï¿‘”√Ê≈£»‚ÕË◊”,30,1,1,3,4,3,3,3,3,3,3,3,3,3,3,3,3,3,3,3,3,3,3,3,3,3,3,3,3,3,3,3,3,3,3,1,0,0,0,2,3,3,3,3,2,3,3,1,2,3,3,3,3,3,3,2,2-8-4.jpg
2,8,5,∂π÷≠Ωπ»¶,16,1,1,3,3,3,3,3,3,3,3,3,2,2,2,2,3,3,3,3,4,4,3,3,3,4,4,4,3,3,3,3,3,3,3,1,0,0,0,2,3,4,3,2,3,3,3,2,4,3,3,3,3,3,3,3,2-8-5.jpg
2,8,6,Ï¿∂¨πœ,22,1,1,3,3,3,3,3,3,3,3,3,3,3,3,3,3,3,3,3,3,3,3,3,3,3,3,3,3,3,3,3,3,3,3,1,0,0,0,4,4,4,4,4,4,3,3,2,3,3,4,4,3,4,4,3,2-8-6.jpg
2,8,7,ÕÎ∂πª∆,22,0,1,3,4,3,3,3,3,3,3,3,3,3,3,3,3,3,3,3,3,3,3,3,3,2,2,2,2,3,3,3,3,3,3,1,0,0,0,3,4,4,4,4,4,3,3,2,3,4,3,3,3,3,3,4,2-8-7.jpg
2,8,8,√≈∂§»‚±˝1,10,1,1,3,4,4,4,4,3,4,4,4,3,3,3,3,3,2,4,3,2,2,3,3,3,2,2,2,3,3,3,3,3,3,3,1,0,0,0,4,4,4,4,4,1,3,3,4,2,3,3,4,3,3,4,4,2-8-8.jpg
2,8,9,Ï¿≈£»‚,44,1,1,3,3,3,3,3,3,3,3,3,3,3,3,3,3,3,3,3,3,3,3,3,3,3,3,3,3,3,3,3,3,3,3,1,1,1,0,3,3,4,3,2,3,3,3,2,4,3,3,3,3,3,3,5,2-8-9.jpg
2,8,10,’®π‡≥¶,23,1,1,3,3,3,3,3,3,3,3,3,2,2,2,2,3,3,3,3,4,4,3,3,3,4,4,4,3,3,3,3,3,3,3,1,0,0,0,2,3,4,3,2,3,3,3,2,4,3,3,3,3,3,3,5,2-8-10.jpg
2,9,1,π˚œ„À÷≤ªƒÂøæ—º,188,1,1,3,4,4,4,4,3,4,4,4,3,3,3,3,3,2,4,3,2,2,3,3,3,2,2,2,3,3,3,3,3,3,3,1,0,0,0,4,4,4,4,4,1,3,3,4,2,3,3,4,3,3,4,1,2-9-1.jpg
2,9,2,«¨¬°∞◊≤À,32,1,3,3,3,3,3,3,3,3,3,3,3,3,3,3,3,3,3,3,3,3,3,3,3,3,3,3,3,3,3,3,3,3,3,1,0,0,0,4,4,4,4,4,4,3,3,2,3,3,4,4,3,4,4,1,2-9-2.jpg
2,9,3,±¥¿’“Øøæ»‚,82,1,1,3,4,4,4,4,3,4,4,4,3,3,3,3,3,2,4,3,2,2,3,3,3,2,2,2,3,3,3,3,3,3,3,1,0,0,0,4,4,4,4,4,1,3,3,4,2,3,3,4,3,3,4,2,2-9-3.jpg
2,9,4,æ©≥«À÷»‚π¯,56,1,1,3,3,3,3,3,3,3,3,3,2,2,2,2,3,3,3,3,4,4,3,3,3,4,4,4,3,3,3,3,3,3,3,1,0,0,0,2,3,4,3,2,3,3,3,2,4,3,3,3,3,3,3,2,2-9-4.jpg
2,9,5,ø®Œ¨—«”„◊—Ω¥øæ—º,298,1,1,3,4,4,4,4,3,4,4,4,3,3,3,3,3,2,4,3,2,2,3,3,3,2,2,2,3,3,3,3,3,3,3,1,0,0,0,4,4,4,4,4,1,3,3,4,2,3,3,4,3,3,4,3,2-9-5.jpg
2,9,6,æ©Œ∂ÀÆø‚”„Õ∑,178,1,1,3,3,3,3,3,3,3,3,3,2,2,2,2,3,3,3,3,4,4,3,3,3,4,4,4,3,3,3,3,3,3,3,1,0,0,0,2,3,4,3,2,3,3,3,2,4,3,3,3,3,3,3,3,2-9-6.jpg
2,9,7,π¨Õ¢ŒÂ–°∏£,19,1,1,3,3,3,3,3,3,3,3,3,3,3,3,3,3,3,3,3,3,3,3,3,3,3,3,3,3,3,3,3,3,3,3,1,1,1,0,3,3,4,3,2,3,3,3,2,4,3,3,3,3,3,3,4,2-9-7.jpg
2,9,8,±±æ©Œ∂µ¿,49,1,1,3,4,4,4,4,3,4,4,4,3,3,3,3,3,2,4,3,2,2,3,3,3,2,2,2,3,3,3,3,3,3,3,1,0,0,0,4,4,4,4,4,1,3,3,4,2,3,3,4,3,3,4,4,2-9-8.jpg
2,9,9,π¨Õ¢µ„–ƒºØΩı,59,1,1,3,3,3,3,3,3,3,3,3,3,3,3,3,3,3,3,3,3,3,3,3,3,3,3,3,3,3,3,3,3,3,3,1,1,1,0,3,3,4,3,2,3,3,3,2,4,3,3,3,3,3,3,5,2-9-9.jpg
2,9,10,¬±÷Û,38,1,1,3,4,4,4,4,3,4,4,4,3,3,3,3,3,2,4,3,2,2,3,3,3,2,2,2,3,3,3,3,3,3,3,1,0,0,0,4,4,4,4,4,1,3,3,4,2,3,3,4,3,3,4,5,2-9-10.jpg
2,10,1,œ∫» –∑◊”‚∆‚Ω,29.8,1,1,3,3,3,3,3,3,3,3,3,3,3,3,3,3,3,3,3,3,3,3,3,3,3,3,3,3,3,3,3,3,3,3,1,1,1,0,3,3,4,3,2,3,3,3,2,4,3,3,3,3,3,3,1,2-10-1.jpg
2,10,2,∂¨πΩ¬ÌÃ„‘∆ÕÃ,29.8,1,1,3,3,3,3,3,3,3,3,3,3,3,3,3,3,3,3,3,3,3,3,3,3,3,3,3,3,3,3,3,3,3,3,1,1,1,0,3,3,4,3,2,3,3,3,2,4,3,3,3,3,3,3,1,2-10-2.jpg
2,10,3,œ œ∫–∑◊—‚∆‚Ω,38.8,1,1,3,3,3,3,3,3,3,3,3,3,3,3,3,3,3,3,3,3,3,3,3,3,3,3,3,3,3,3,3,3,3,3,1,1,1,0,3,3,4,3,2,3,3,3,2,4,3,3,3,3,3,3,2,2-10-3.jpg
2,10,4,œ »‚‚∆‚Ω,29.8,1,1,3,3,3,3,3,3,3,3,3,3,3,3,3,3,3,3,3,3,3,3,3,3,3,3,3,3,3,3,3,3,3,3,1,1,1,0,3,3,4,3,2,3,3,3,2,4,3,3,3,3,3,3,2,2-10-4.jpg
2,10,5,∫Ï”Õ∏…∞Ë,18,1,1,3,3,3,3,3,3,3,3,3,2,2,2,2,3,3,3,3,4,4,3,3,3,4,4,4,3,3,3,3,3,3,3,1,0,0,0,2,3,4,3,2,3,3,3,2,4,3,3,3,3,3,3,3,2-10-5.jpg
2,10,6,∞◊≤Àœ »‚Ω»,29.8,1,1,3,3,3,3,3,3,3,3,3,3,3,3,3,3,3,3,3,3,3,3,3,3,3,3,3,3,3,3,3,3,3,3,1,1,1,0,3,3,4,3,2,3,3,3,2,4,3,3,3,3,3,3,3,2-10-6.jpg
2,10,7,À‚÷≠∏…∞Ë,18,1,1,3,3,3,3,3,3,3,3,3,3,3,3,3,3,3,3,3,3,3,3,3,3,3,3,3,3,3,3,3,3,3,3,1,1,1,0,3,3,4,3,2,3,3,3,2,4,3,3,3,3,3,3,4,2-10-7.jpg
2,10,8,‹˘≤Àœ »‚‘∆ÕÃ,25,1,1,3,3,3,3,3,3,3,3,3,3,3,3,3,3,3,3,3,3,3,3,3,3,3,3,3,3,3,3,3,3,3,3,1,1,1,0,3,3,4,3,2,3,3,3,2,4,3,3,3,3,3,3,4,2-10-8.jpg
2,10,9,◊œ≤Àœ »‚‚∆‚Ω,29.8,1,1,3,3,3,3,3,3,3,3,3,3,3,3,3,3,3,3,3,3,3,3,3,3,3,3,3,3,3,3,3,3,3,3,1,1,1,0,3,3,4,3,2,3,3,3,2,4,3,3,3,3,3,3,5,2-10-9.jpg
2,10,10,”Ò√◊œ »‚‚∆‚Ω,25,1,1,3,3,3,3,3,3,3,3,3,3,3,3,3,3,3,3,3,3,3,3,3,3,3,3,3,3,3,3,3,3,3,3,1,1,1,0,3,3,4,3,2,3,3,3,2,4,3,3,3,3,3,3,5,2-10-10.jpg
2,11,1,ƒÃ”Õ≈£Ω«√Ê∞¸,12,0,2,0,3,3,3,3,3,3,3,3,3,3,3,3,3,3,3,3,3,3,3,3,3,3,3,3,3,3,3,3,3,3,3,1,0,0,0,4,4,3,3,2,4,2,2,4,2,3,4,3,3,3,3,1,2-11-1.jpg
2,11,2,«…øÀ¡¶≈£Ω«,12,0,2,0,3,3,3,3,3,3,3,3,3,3,3,3,3,3,3,3,3,3,3,3,3,3,3,3,3,3,3,3,3,3,3,1,0,0,0,4,4,3,3,2,4,2,2,4,2,3,4,3,3,3,3,1,2-11-2.jpg
2,11,3,’®∂πœ⁄√Ê∞¸,12,0,2,0,3,3,3,3,3,3,3,3,3,3,3,3,3,3,3,3,3,3,3,3,3,3,3,3,3,3,3,3,3,3,3,1,0,0,0,4,4,3,3,2,4,2,2,4,2,3,4,3,3,3,3,2,2-11-3.jpg
2,11,4,øß‡¨≥¶√Ê∞¸,12,0,2,0,3,3,3,3,3,3,3,3,3,3,3,3,3,3,3,3,3,3,3,3,3,3,3,3,3,3,3,3,3,3,3,1,0,0,0,4,4,3,3,2,4,2,2,4,2,3,4,3,3,3,3,2,2-11-4.jpg
2,11,5,ƒÃ”ÕÃı◊”,10,0,2,0,3,3,3,3,3,3,3,3,3,3,3,3,3,3,3,3,3,3,3,3,3,3,3,3,3,3,3,3,3,3,3,1,0,0,0,4,4,3,3,2,4,2,2,4,2,3,4,3,3,3,3,3,2-11-5.jpg
2,11,6,ÀÆπ˚ƒ√∆∆¬ÿ,58,0,2,0,3,3,3,3,3,3,3,3,3,3,3,3,3,3,3,3,3,3,3,3,3,3,3,3,3,3,3,3,3,3,3,1,0,0,0,4,4,3,3,2,4,2,2,4,2,3,4,3,3,3,3,3,2-11-6.jpg
2,11,7,øß‡¨œ„≥¶,9,0,2,0,3,3,3,3,3,3,3,3,3,3,3,3,3,3,3,3,3,3,3,3,3,3,3,3,3,3,3,3,3,3,3,1,0,0,0,4,4,3,3,2,4,2,2,4,2,3,4,3,3,3,3,4,2-11-7.jpg
2,11,8,“¨Àø±˝,39,0,2,0,3,3,3,3,3,3,3,3,3,3,3,3,3,3,3,3,3,3,3,3,3,3,3,3,3,3,3,3,3,3,3,1,0,0,0,4,4,3,3,2,4,2,2,4,2,3,4,3,3,3,3,4,2-11-8.jpg
2,11,9,«…øÀ¡¶ƒÃ¿“,28,0,2,0,3,3,3,3,3,3,3,3,3,3,3,3,3,3,3,3,3,3,3,3,3,3,3,3,3,3,3,3,3,3,3,1,0,0,0,4,4,3,3,2,4,2,2,4,2,3,4,3,3,3,3,5,2-11-9.jpg
2,11,10,«„–ƒª∆”Õµ∞∏‚,295,0,2,0,3,3,3,3,3,3,3,3,3,3,3,3,3,3,3,3,3,3,3,3,3,3,3,3,3,3,3,3,3,3,3,1,0,0,0,4,4,3,3,2,4,2,2,4,2,3,4,3,3,3,3,5,2-11-10.jpg
2,12,1,≈£»‚¥Æ,3.5,0,1,0,3,3,3,3,4,4,4,4,2,2,2,2,2,3,3,4,4,4,2,2,2,4,4,4,3,3,4,4,2,2,2,1,1,1,1,1,3,3,3,1,1,3,3,2,4,4,3,3,4,3,2,1,2-12-1.jpg
2,12,2,—Ú»‚¥Æ,3.5,0,1,0,3,3,3,3,4,4,4,4,2,2,2,2,2,3,3,4,4,4,2,2,2,4,4,4,3,3,4,4,2,2,2,1,1,1,1,1,3,3,3,1,1,3,3,2,4,4,3,3,4,3,2,1,2-12-2.jpg
2,12,3,Ãºøæ…˙Ú∫,12,0,1,0,3,3,3,3,4,4,4,4,2,2,2,2,2,3,3,4,4,4,2,2,2,4,4,4,3,3,4,4,2,2,2,1,1,1,1,1,3,3,3,1,1,3,3,2,4,4,3,3,4,3,2,2,2-12-3.jpg
2,12,4,øæ”„∂π∏Ø,2,0,1,0,3,3,3,3,4,4,4,4,2,2,2,2,2,3,3,4,4,4,2,2,2,4,4,4,3,3,4,4,2,2,2,1,1,1,1,1,3,3,3,1,1,3,3,2,4,4,3,3,4,3,2,2,2-12-4.jpg
2,12,5,øæ≈£∞ÂΩÓ,2,0,1,0,3,3,3,3,4,4,4,4,2,2,2,2,2,3,3,4,4,4,2,2,2,4,4,4,3,3,4,4,2,2,2,1,1,1,1,1,3,3,3,1,1,3,3,2,4,4,3,3,4,3,2,3,2-12-5.jpg
2,12,6,øæ¥Ûœ∫,4,0,1,0,3,3,3,3,4,4,4,4,2,2,2,2,2,3,3,4,4,4,2,2,2,4,4,4,3,3,4,4,2,2,2,1,1,1,1,1,3,3,3,1,1,3,3,2,4,4,3,3,4,3,2,3,2-12-6.jpg
2,12,7,øæ√Ê∞¸∆¨,3,0,1,0,3,3,3,3,4,4,4,4,2,2,2,2,2,3,3,4,4,4,2,2,2,4,4,4,3,3,4,4,2,2,2,1,1,1,1,1,3,3,3,1,1,3,3,2,4,4,3,3,4,3,2,4,2-12-7.jpg
2,12,8,ª®…˙√´∂π,10,0,1,0,3,3,3,3,4,4,4,4,2,2,2,2,2,3,3,4,4,4,2,2,2,4,4,4,3,3,4,4,2,2,2,1,1,1,1,1,3,3,3,1,1,3,3,2,4,4,3,3,4,3,2,4,2-12-8.jpg
2,12,9,øæ«—◊”,12,0,1,0,3,3,3,3,4,4,4,4,2,2,2,2,2,3,3,4,4,4,2,2,2,4,4,4,3,3,4,4,2,2,2,1,1,1,1,1,3,3,3,1,1,3,3,2,4,4,3,3,4,3,2,5,2-12-9.jpg
2,12,10,øæˆœ”„Ω≈,60,0,1,0,3,3,3,3,4,4,4,4,2,2,2,2,2,3,3,4,4,4,2,2,2,4,4,4,3,3,4,4,2,2,2,1,1,1,1,1,3,3,3,1,1,3,3,2,4,4,3,3,4,3,2,5,2-12-10.jpg
2,13,1,»´æ€µ¬æ´∆∑øæ—º,258,1,1,3,4,4,4,4,3,4,4,4,3,3,3,3,3,2,4,3,2,2,3,3,3,2,2,2,3,3,3,3,3,3,3,1,0,0,0,4,4,4,4,4,1,3,3,4,2,3,3,4,3,3,4,1,2-13-1.jpg
2,13,2,ΩÊƒ©—º’∆,52,1,1,3,4,4,4,4,3,4,4,4,3,3,3,3,3,2,4,3,2,2,3,3,3,2,2,2,3,3,3,3,3,3,3,1,0,0,0,4,4,4,4,4,1,3,3,4,2,3,3,4,3,3,4,1,2-13-2.jpg
2,13,3,»´æ€µ¬ ¢ ¿ƒµµ§øæ—º,278,1,1,3,4,4,4,4,3,4,4,4,3,3,3,3,3,2,4,3,2,2,3,3,3,2,2,2,3,3,3,3,3,3,3,1,0,0,0,4,4,4,4,4,1,3,3,4,2,3,3,4,3,3,4,2,2-13-3.jpg
2,13,4,—ŒÀÆ—º∏Œ,42,1,1,3,4,4,4,4,3,4,4,4,3,3,3,3,3,2,4,3,2,2,3,3,3,2,2,2,3,3,3,3,3,3,3,1,0,0,0,4,4,4,4,4,1,3,3,4,2,3,3,4,3,3,4,2,2-13-4.jpg
2,13,5,ª¡«—º–ƒ,98,1,1,3,4,4,4,4,3,4,4,4,3,3,3,3,3,2,4,3,2,2,3,3,3,2,2,2,3,3,3,3,3,3,3,1,0,0,0,4,4,4,4,4,1,3,3,4,2,3,3,4,3,3,4,3,2-13-5.jpg
2,13,6,Õ„∂πª∆,24,0,1,3,4,4,4,4,3,4,4,4,3,3,3,3,3,2,4,3,2,2,3,3,3,2,2,2,3,3,3,3,3,3,3,1,0,0,0,4,4,4,4,4,1,3,3,4,2,3,3,4,3,3,4,3,2-13-6.jpg
2,13,7,√¿Œ∂∂‡æ˙Ï“,28,1,1,3,4,4,4,4,3,4,4,4,3,3,3,3,3,2,4,3,2,2,3,3,3,2,2,2,3,3,3,3,3,3,3,1,0,0,0,4,4,4,4,4,1,3,3,4,2,3,3,4,3,3,4,4,2-13-7.jpg
2,13,8,–°∂π¡π∏‚,25,0,1,3,4,4,4,4,3,4,4,4,3,3,3,3,3,2,4,3,2,2,3,3,3,2,2,2,3,3,3,3,3,3,3,1,0,0,0,4,4,4,4,4,1,3,3,4,2,3,3,4,3,3,4,4,2-13-8.jpg
2,13,9,»»∫…“∂±˝,10,0,1,3,4,4,4,4,3,4,4,4,3,3,3,3,3,2,4,3,2,2,3,3,3,2,2,2,3,3,3,3,3,3,3,1,0,0,0,4,4,4,4,4,1,3,3,4,2,3,3,4,3,3,4,5,2-13-9.jpg
2,13,10,æ´∆∑øæ—º,258,1,1,3,4,4,4,4,3,4,4,4,3,3,3,3,3,2,4,3,2,2,3,3,3,2,2,2,3,3,3,3,3,3,3,1,0,0,0,4,4,4,4,4,1,3,3,4,2,3,3,4,3,3,4,5,2-13-10.jpg
2,14,1,±‚»‚,16,0,1,0,3,3,3,3,3,3,3,3,3,3,3,3,3,3,3,3,3,3,3,3,3,3,3,3,3,3,3,3,3,3,3,1,0,0,0,3,3,3,3,3,2,3,3,2,3,3,3,3,3,3,3,1,2-14-1.jpg
2,14,2,∞Ë√Ê,10,1,1,0,3,3,3,3,3,3,3,3,3,3,3,3,3,3,3,3,3,3,3,3,3,3,3,3,3,3,3,3,3,3,3,1,0,0,0,3,3,3,3,3,2,3,3,2,3,3,3,3,3,3,3,1,2-14-2.jpg
2,14,3,ÀÆæß…’¬Ù,18,0,1,0,4,4,4,4,3,4,4,4,3,3,3,3,3,2,4,3,2,2,3,3,3,2,2,2,3,3,3,3,3,3,3,1,0,0,0,4,4,4,4,4,1,3,3,4,2,3,3,4,3,3,4,2,2-14-3.jpg
2,14,4,∫⁄÷Ì»‚∞¸,9,0,1,0,3,3,3,3,3,3,3,3,3,3,3,3,3,3,3,3,3,3,3,3,3,3,3,3,3,3,3,3,3,3,3,1,0,0,0,3,3,3,3,3,2,3,3,2,3,3,3,3,3,3,3,2,2-14-4.jpg
2,14,5,…≥œÿ∞Â—º,168,0,1,0,3,3,3,3,3,3,3,3,3,3,3,3,3,3,3,3,3,3,3,3,3,3,3,3,3,3,3,3,3,3,3,1,0,0,0,3,3,3,3,3,2,3,3,2,3,3,3,3,3,3,3,3,2-14-5.jpg
2,14,6,”ÛΩ»,20,0,1,0,3,3,3,3,3,3,3,3,3,3,3,3,3,3,3,3,3,3,3,3,3,3,3,3,3,3,3,3,3,3,3,1,0,0,0,3,3,3,3,3,2,3,3,2,3,3,3,3,3,3,3,3,2-14-6.jpg
2,14,7,¬±Ω“¯∞¸,15,0,1,0,3,3,3,3,3,3,3,3,3,3,3,3,3,3,3,3,3,3,3,3,3,3,3,3,3,3,3,3,3,3,3,1,0,0,0,3,3,3,3,3,2,3,3,2,3,3,3,3,3,3,3,4,2-14-7.jpg
2,14,8,∂π∏ØÕË,14,0,1,0,3,3,3,3,3,3,3,3,3,3,3,3,3,3,3,3,3,3,3,3,3,3,3,3,3,3,3,3,3,3,3,1,0,0,0,3,3,3,3,3,2,3,3,2,3,3,3,3,3,3,3,4,2-14-8.jpg
2,14,9,ÀÒº–±˝,10,0,1,0,3,3,3,3,3,3,3,3,3,3,3,3,3,3,3,3,3,3,3,3,3,3,3,3,3,3,3,3,3,3,3,1,0,0,0,3,3,3,3,3,2,3,3,2,3,3,3,3,3,3,3,5,2-14-9.jpg
2,14,10,π¯±ﬂ∫˝,15,0,1,0,3,3,3,3,3,3,3,3,3,3,3,3,3,3,3,3,3,3,3,3,3,3,3,3,3,3,3,3,3,3,3,1,0,0,0,3,3,3,3,3,2,3,3,2,3,3,3,3,3,3,3,5,2-14-10.jpg
2,15,1,œÃƒ˛πª®,14,3,1,0,3,3,3,3,3,3,3,3,3,3,3,3,3,3,3,3,3,3,3,3,3,3,3,3,3,3,3,3,3,3,3,1,0,0,0,3,3,3,3,3,2,3,3,2,3,3,3,3,3,3,3,1,2-15-1.jpg
2,15,2,ø’…ΩËŸ◊”,16,3,1,0,3,3,3,3,3,3,3,3,3,3,3,3,3,3,3,3,3,3,3,3,3,3,3,3,3,3,3,3,3,3,3,1,0,0,0,3,3,3,3,3,2,3,3,2,3,3,3,3,3,3,3,1,2-15-2.jpg
2,15,3,Œ‰∫∫‹‘¿Ú,16,3,1,0,3,3,3,3,3,3,3,3,3,3,3,3,3,3,3,3,3,3,3,3,3,3,3,3,3,3,3,3,3,3,3,1,0,0,0,3,3,3,3,3,2,3,3,2,3,3,3,3,3,3,3,2,2-15-3.jpg
2,15,4,¿Û÷¶±˘ƒ,14,3,1,0,3,3,3,3,3,3,3,3,3,3,3,3,3,3,3,3,3,3,3,3,3,3,3,3,3,3,3,3,3,3,3,1,0,0,0,3,3,3,3,3,2,3,3,2,3,3,3,3,3,3,3,2,2-15-4.jpg
2,15,5,≥ı¡µ√µπÂ«‡Ã·,17,3,1,0,3,3,3,3,3,3,3,3,3,3,3,3,3,3,3,3,3,3,3,3,3,3,3,3,3,3,3,3,3,3,3,1,0,0,0,3,3,3,3,3,2,3,3,2,3,3,3,3,3,3,3,3,2-15-5.jpg
2,15,6,Œ“±æΩπ,17,3,1,0,3,3,3,3,3,3,3,3,3,3,3,3,3,3,3,3,3,3,3,3,3,3,3,3,3,3,3,3,3,3,3,1,0,0,0,3,3,3,3,3,2,3,3,2,3,3,3,3,3,3,3,3,2-15-6.jpg
2,15,7,÷ÿ∞Í√µπÂ≤Ëƒ√Ã˙,14,3,1,0,3,3,3,3,3,3,3,3,3,3,3,3,3,3,3,3,3,3,3,3,3,3,3,3,3,3,3,3,3,3,3,1,0,0,0,3,3,3,3,3,2,3,3,2,3,3,3,3,3,3,3,4,2-15-7.jpg
2,15,8,πª®—©¿Ê,16,3,1,0,3,3,3,3,3,3,3,3,3,3,3,3,3,3,3,3,3,3,3,3,3,3,3,3,3,3,3,3,3,3,3,1,0,0,0,3,3,3,3,3,2,3,3,2,3,3,3,3,3,3,3,4,2-15-8.jpg
2,15,9,Ã“Ã“À´∆§ƒÃ,17,3,1,0,3,3,3,3,3,3,3,3,3,3,3,3,3,3,3,3,3,3,3,3,3,3,3,3,3,3,3,3,3,3,3,1,0,0,0,3,3,3,3,3,2,3,3,2,3,3,3,3,3,3,3,5,2-15-9.jpg
2,15,10,‹‘¿Ú–°Ã“Ã“,17,3,1,0,3,3,3,3,3,3,3,3,3,3,3,3,3,3,3,3,3,3,3,3,3,3,3,3,3,3,3,3,3,3,3,1,0,0,0,3,3,3,3,3,2,3,3,2,3,3,3,3,3,3,3,5,2-15-10.jpg
2,16,1,æ¢¥‡º¶Õ»±§∂πƒ‡≤Õ,39,3,1,0,3,3,3,3,3,3,3,3,3,3,3,3,3,3,3,3,3,3,3,3,3,3,3,3,3,3,3,3,3,3,3,1,0,0,0,3,3,3,3,3,2,3,3,2,3,3,3,3,3,3,3,1,2-16-1.jpg
2,16,2,œ„¿±º¶≥·’®º¶,12,3,1,0,3,3,3,3,3,3,3,3,3,3,3,3,3,3,3,3,3,3,3,3,3,3,3,3,3,3,3,3,3,3,3,1,0,0,0,3,3,3,3,3,2,3,3,2,3,3,3,3,3,3,3,1,2-16-2.jpg
2,16,3, ÌÃı,7.5,0,2,0,3,3,3,3,3,3,3,3,3,3,3,3,3,3,3,3,3,3,3,3,3,3,3,3,3,3,3,3,3,3,3,1,0,0,0,3,3,3,3,3,2,3,3,2,3,3,3,3,3,3,3,2,2-16-3.jpg
2,16,4,¿œ±±æ©º¶»‚æÌ,18,1,2,0,3,3,3,3,3,3,3,3,3,3,3,3,3,3,3,3,3,3,3,3,3,3,3,3,3,3,3,3,3,3,3,1,0,0,0,3,3,3,3,3,2,3,3,2,3,3,3,3,3,3,3,2,2-16-4.jpg
2,16,5,¥ºœ„Õ¡∂πƒ‡,6,0,2,0,3,3,3,3,3,3,3,3,3,3,3,3,3,3,3,3,3,3,3,3,3,3,3,3,3,3,3,3,3,3,3,1,0,0,0,3,3,3,3,3,2,3,3,2,3,3,3,3,3,3,3,3,2-16-5.jpg
2,16,6,¥º∂πΩ¨,9,3,1,0,3,3,3,3,3,3,3,3,3,3,3,3,3,3,3,3,3,3,3,3,3,3,3,3,3,3,3,3,3,3,3,1,0,0,0,3,3,3,3,3,2,3,3,2,3,3,3,3,3,3,3,3,2-16-6.jpg
2,16,7,÷• ø÷≠÷≠ƒ€≈£±§,19.9,1,2,0,3,3,3,3,3,3,3,3,3,3,3,3,3,3,3,3,3,3,3,3,3,3,3,3,3,3,3,3,3,3,3,1,0,0,0,3,3,3,3,3,2,3,3,2,3,3,3,3,3,3,3,4,2-16-7.jpg
2,16,8,ﬁº¬Ûµ∞Ã¢π˚≤Ë…≥¿≤≤Õ,41,0,2,0,3,3,3,3,3,3,3,3,3,3,3,3,3,3,3,3,3,3,3,3,3,3,3,3,3,3,3,3,3,3,3,1,0,0,0,3,3,3,3,3,2,3,3,2,3,3,3,3,3,3,3,4,2-16-8.jpg
2,16,9,‘≠Œ∂ •¥˙,11.5,0,2,0,3,3,3,3,3,3,3,3,3,3,3,3,3,3,3,3,3,3,3,3,3,3,3,3,3,3,3,3,3,3,3,1,0,0,0,3,3,3,3,3,2,3,3,2,3,3,3,3,3,3,3,5,2-16-9.jpg
2,16,10,œ„¿±º¶Õ»±§,18,1,2,0,3,3,3,3,3,3,3,3,3,3,3,3,3,3,3,3,3,3,3,3,3,3,3,3,3,3,3,3,3,3,3,1,0,0,0,3,3,3,3,3,2,3,3,2,3,3,3,3,3,3,3,5,2-16-10.jpg
2,17,1,÷•–ƒ±»»¯,99,1,2,0,3,3,3,3,3,3,3,3,3,3,3,3,3,3,3,3,3,3,3,3,3,3,3,3,3,3,3,3,3,3,3,1,0,0,0,3,3,3,3,3,2,3,3,2,3,3,3,3,3,3,3,1,2-17-1.jpg
2,17,2,“‚√Ê,34,1,2,0,3,3,3,3,3,3,3,3,3,3,3,3,3,3,3,3,3,3,3,3,3,3,3,3,3,3,3,3,3,3,3,1,0,0,0,3,3,3,3,3,2,3,3,2,3,3,3,3,3,3,3,1,2-17-2.jpg
2,17,3,–¬∞¬∂˚¡º∑Á«Èøæ»‚≈˚»¯,71,1,2,0,3,3,3,3,3,3,3,3,3,3,3,3,3,3,3,3,3,3,3,3,3,3,3,3,3,3,3,3,3,3,3,1,0,0,0,3,3,3,3,3,2,3,3,2,3,3,3,3,3,3,3,2,2-17-3.jpg
2,17,4,≥¨º∂÷¡◊±»»¯,92,1,2,0,3,3,3,3,3,3,3,3,3,3,3,3,3,3,3,3,3,3,3,3,3,3,3,3,3,3,3,3,3,3,3,1,0,0,0,3,3,3,3,3,2,3,3,2,3,3,3,3,3,3,3,2,2-17-4.jpg
2,17,5,◊…ÕÀøª¨ƒÃ≤Ë£®»»£©,22,3,1,0,3,3,3,3,3,3,3,3,3,3,3,3,3,3,3,3,3,3,3,3,3,3,3,3,3,3,3,3,3,3,3,1,0,0,0,3,3,3,3,3,2,3,3,2,3,3,3,3,3,3,3,3,2-17-5.jpg
2,17,6,Ã˙≈Ã±»»¯,74,1,2,0,3,3,3,3,3,3,3,3,3,3,3,3,3,3,3,3,3,3,3,3,3,3,3,3,3,3,3,3,3,3,3,1,0,0,0,3,3,3,3,3,2,3,3,2,3,3,3,3,3,3,3,3,2-17-6.jpg
2,17,7,œ„≤›∑ÔŒ≤œ∫,24,0,2,0,3,3,3,3,3,3,3,3,3,3,3,3,3,3,3,3,3,3,3,3,3,3,3,3,3,3,3,3,3,3,3,1,0,0,0,3,3,3,3,3,2,3,3,2,3,3,3,3,3,3,3,4,2-17-7.jpg
2,17,8,≈£≈≈,81,1,2,0,3,3,3,3,3,3,3,3,3,3,3,3,3,3,3,3,3,3,3,3,3,3,3,3,3,3,3,3,3,3,3,1,0,0,0,3,3,3,3,3,2,3,3,2,3,3,3,3,3,3,3,4,2-17-8.jpg
2,17,9,¡Ò¡´∂‡∂‡±»»¯,79,1,2,0,3,3,3,3,3,3,3,3,3,3,3,3,3,3,3,3,3,3,3,3,3,3,3,3,3,3,3,3,3,3,3,1,0,0,0,3,3,3,3,3,2,3,3,2,3,3,3,3,3,3,3,5,2-17-9.jpg
2,17,10,–°ÀÆπ˚…≥¿≠,18,0,2,0,3,3,3,3,3,3,3,3,3,3,3,3,3,3,3,3,3,3,3,3,3,3,3,3,3,3,3,3,3,3,3,1,0,0,0,3,3,3,3,3,2,3,3,2,3,3,3,3,3,3,3,5,2-17-10.jpg
2,18,1, ÌÃı,12,0,2,0,3,3,3,3,3,3,3,3,3,3,3,3,3,3,3,3,3,3,3,3,3,3,3,3,3,3,3,3,3,3,3,1,0,0,0,3,3,3,3,3,2,3,3,2,3,3,3,3,3,3,3,1,2-18-1.jpg
2,18,2,¬Û¬Û¥‡÷≠º¶,13,0,2,0,3,3,3,3,3,3,3,3,3,3,3,3,3,3,3,3,3,3,3,3,3,3,3,3,3,3,3,3,3,3,3,1,0,0,0,3,3,3,3,3,2,3,3,2,3,3,3,3,3,3,3,1,2-18-2.jpg
2,18,3,æﬁŒﬁ∞‘,35,1,2,0,3,3,3,3,3,3,3,3,3,3,3,3,3,3,3,3,3,3,3,3,3,3,3,3,3,3,3,3,3,3,3,1,0,0,0,3,3,3,3,3,2,3,3,2,3,3,3,3,3,3,3,2,2-18-3.jpg
2,18,4,∂Ì Ω∫Ï≥¶À´º¶±§,20,1,2,0,3,3,3,3,3,3,3,3,3,3,3,3,3,3,3,3,3,3,3,3,3,3,3,3,3,3,3,3,3,3,3,1,0,0,0,3,3,3,3,3,2,3,3,2,3,3,3,3,3,3,3,2,2-18-4.jpg
2,18,5,œ„”Û≈…,8,0,2,0,3,3,3,3,3,3,3,3,3,3,3,3,3,3,3,3,3,3,3,3,3,3,3,3,3,3,3,3,3,3,3,1,0,0,0,3,3,3,3,3,2,3,3,2,3,3,3,3,3,3,3,3,2-18-5.jpg
2,18,6,À´≤„º™ ø∫∫±§,18,1,2,0,3,3,3,3,3,3,3,3,3,3,3,3,3,3,3,3,3,3,3,3,3,3,3,3,3,3,3,3,3,3,3,1,0,0,0,3,3,3,3,3,2,3,3,2,3,3,3,3,3,3,3,3,2-18-6.jpg
2,18,7,¬Û¿±º¶Õ»∫∫±§,15,1,2,0,3,3,3,3,3,3,3,3,3,3,3,3,3,3,3,3,3,3,3,3,3,3,3,3,3,3,3,3,3,3,3,1,0,0,0,3,3,3,3,3,2,3,3,2,3,3,3,3,3,3,3,4,2-18-7.jpg
2,18,8,«…øÀ¡¶¬Ìø®¡˙,10,0,2,0,3,3,3,3,3,3,3,3,3,3,3,3,3,3,3,3,3,3,3,3,3,3,3,3,3,3,3,3,3,3,3,1,0,0,0,3,3,3,3,3,2,3,3,2,3,3,3,3,3,3,3,4,2-18-8.jpg
2,18,9,≥µ¿Â◊”›Æ›Æ¬Û–˝∑Á,16,0,2,0,3,3,3,3,3,3,3,3,3,3,3,3,3,3,3,3,3,3,3,3,3,3,3,3,3,3,3,3,3,3,3,1,0,0,0,3,3,3,3,3,2,3,3,2,3,3,3,3,3,3,3,5,2-18-9.jpg
2,18,10,¬Û¿±º¶≥·,16,0,2,0,3,3,3,3,3,3,3,3,3,3,3,3,3,3,3,3,3,3,3,3,3,3,3,3,3,3,3,3,3,3,3,1,0,0,0,3,3,3,3,3,2,3,3,2,3,3,3,3,3,3,3,5,2-18-10.jpg
2,19,1,Ω≈∆œ∫» ‚∆‚Ω,21,1,1,0,3,3,3,3,3,3,3,3,3,3,3,3,3,3,3,3,3,3,3,3,3,3,3,3,3,3,3,3,3,3,3,1,0,0,0,3,3,3,3,3,2,3,3,2,3,3,3,3,3,3,3,1,2-19-1.jpg
2,19,2,‹˘≤Àœ »‚‚∆‚Ω,16,1,1,0,3,3,3,3,3,3,3,3,3,3,3,3,3,3,3,3,3,3,3,3,3,3,3,3,3,3,3,3,3,3,3,1,0,0,0,3,3,3,3,3,2,3,3,2,3,3,3,3,3,3,3,1,2-19-2.jpg
2,19,3,≥¨º∂»´º“∏£,18,1,1,0,3,3,3,3,3,3,3,3,3,3,3,3,3,3,3,3,3,3,3,3,3,3,3,3,3,3,3,3,3,3,3,1,0,0,0,3,3,3,3,3,2,3,3,2,3,3,3,3,3,3,3,2,2-19-3.jpg
2,19,4,œ »‚–°‚∆‚Ω,9,1,1,0,3,3,3,3,3,3,3,3,3,3,3,3,3,3,3,3,3,3,3,3,3,3,3,3,3,3,3,3,3,3,3,1,0,0,0,3,3,3,3,3,2,3,3,2,3,3,3,3,3,3,3,2,2-19-4.jpg
2,19,5,µ∞ª∆»‚À……’¬Û,13.8,0,1,0,3,3,3,3,3,3,3,3,3,3,3,3,3,3,3,3,3,3,3,3,3,3,3,3,3,3,3,3,3,3,3,1,0,0,0,3,3,3,3,3,2,3,3,2,3,3,3,3,3,3,3,3,2-19-5.jpg
2,19,6,œ„¿±∫£‘ÂÀø,7,0,1,0,3,3,3,3,3,3,3,3,3,3,3,3,3,3,3,3,3,3,3,3,3,3,3,3,3,3,3,3,3,3,3,1,0,0,0,3,3,3,3,3,2,3,3,2,3,3,3,3,3,3,3,3,2-19-6.jpg
2,19,7,¥–”Õ±˝,5,0,1,0,3,3,3,3,3,3,3,3,3,3,3,3,3,3,3,3,3,3,3,3,3,3,3,3,3,3,3,3,3,3,3,1,0,0,0,3,3,3,3,3,2,3,3,2,3,3,3,3,3,3,3,4,2-19-7.jpg
2,19,8,»‚º–‚…,12,0,1,0,3,3,3,3,3,3,3,3,3,3,3,3,3,3,3,3,3,3,3,3,3,3,3,3,3,3,3,3,3,3,3,1,0,0,0,3,3,3,3,3,2,3,3,2,3,3,3,3,3,3,3,4,2-19-8.jpg
2,19,9,œ„¿±º¶Õ»±§,6,1,2,0,3,3,3,3,3,3,3,3,3,3,3,3,3,3,3,3,3,3,3,3,3,3,3,3,3,3,3,3,3,3,3,1,0,0,0,3,3,3,3,3,2,3,3,2,3,3,3,3,3,3,3,5,2-19-9.jpg
2,19,10,’–≈∆œ∫» œ »‚‚∆‚Ω,32.9,1,1,0,3,3,3,3,3,3,3,3,3,3,3,3,3,3,3,3,3,3,3,3,3,3,3,3,3,3,3,3,3,3,3,1,0,0,0,3,3,3,3,3,2,3,3,2,3,3,3,3,3,3,3,5,2-19-10.jpg
2,20,1,«·÷•∂‡»‚∆œÃ—,19,3,1,0,3,3,3,3,3,3,3,3,3,3,3,3,3,3,3,3,3,3,3,3,3,3,3,3,3,3,3,3,3,3,3,1,0,0,0,3,3,3,3,3,2,3,3,2,3,3,3,3,3,3,3,1,2-20-1.jpg
2,20,2,∂‡»‚∆œÃ—,28,3,1,0,3,3,3,3,3,3,3,3,3,3,3,3,3,3,3,3,3,3,3,3,3,3,3,3,3,3,3,3,3,3,3,1,0,0,0,3,3,3,3,3,2,3,3,2,3,3,3,3,3,3,3,1,2-20-2.jpg
2,20,3,øæ∫⁄Ã«≤®≤®≈£»È,19,3,1,0,3,3,3,3,3,3,3,3,3,3,3,3,3,3,3,3,3,3,3,3,3,3,3,3,3,3,3,3,3,3,3,1,0,0,0,3,3,3,3,3,2,3,3,2,3,3,3,3,3,3,3,2,2-20-3.jpg
2,20,4,“¨“¨√¢√¢,15,3,1,0,3,3,3,3,3,3,3,3,3,3,3,3,3,3,3,3,3,3,3,3,3,3,3,3,3,3,3,3,3,3,3,1,0,0,0,3,3,3,3,3,2,3,3,2,3,3,3,3,3,3,3,2,2-20-4.jpg
2,20,5,ø·∫⁄›Æ…£,18,3,1,0,3,3,3,3,3,3,3,3,3,3,3,3,3,3,3,3,3,3,3,3,3,3,3,3,3,3,3,3,3,3,3,1,0,0,0,3,3,3,3,3,2,3,3,2,3,3,3,3,3,3,3,3,2-20-5.jpg
2,20,6,øæ∫⁄Ã«≤®≤®’Ê»È≤Ë,19,3,1,0,3,3,3,3,3,3,3,3,3,3,3,3,3,3,3,3,3,3,3,3,3,3,3,3,3,3,3,3,3,3,3,1,0,0,0,3,3,3,3,3,2,3,3,2,3,3,3,3,3,3,3,3,2-20-6.jpg
2,20,7,–°ƒÃ‹‘(∞◊‹‘œ„),13,3,1,0,3,3,3,3,3,3,3,3,3,3,3,3,3,3,3,3,3,3,3,3,3,3,3,3,3,3,3,3,3,3,3,1,0,0,0,3,3,3,3,3,2,3,3,2,3,3,3,3,3,3,3,4,2-20-7.jpg
2,20,8,»•ªœÀÃÂ∆ø,19,3,1,0,3,3,3,3,3,3,3,3,3,3,3,3,3,3,3,3,3,3,3,3,3,3,3,3,3,3,3,3,3,3,3,1,0,0,0,3,3,3,3,3,2,3,3,2,3,3,3,3,3,3,3,4,2-20-8.jpg
2,20,9,…Í∫◊°§À´Ë÷œ…¬∂,19,3,1,0,3,3,3,3,3,3,3,3,3,3,3,3,3,3,3,3,3,3,3,3,3,3,3,3,3,3,3,3,3,3,3,1,0,0,0,3,3,3,3,3,2,3,3,2,3,3,3,3,3,3,3,5,2-20-9.jpg
2,20,10,∂‡»‚Ã“¿Ó,15,3,1,0,3,3,3,3,3,3,3,3,3,3,3,3,3,3,3,3,3,3,3,3,3,3,3,3,3,3,3,3,3,3,3,1,0,0,0,3,3,3,3,3,2,3,3,2,3,3,3,3,3,3,3,5,2-20-10.jpg
3,1,1,À÷∆§Ã“ª®øæ—º,108,1,1,0,3,3,3,3,3,3,3,3,3,3,3,3,3,3,3,3,3,3,3,3,3,3,3,3,3,3,3,3,3,3,3,1,0,0,0,3,3,3,3,3,2,3,3,2,3,3,3,3,3,3,3,1,3-1-1.jpg
3,1,2,À÷∆§Ã“ª®œ∫,89,1,1,0,3,3,3,3,3,3,3,3,3,3,3,3,3,3,3,3,3,3,3,3,3,3,3,3,3,3,3,3,3,3,3,1,0,0,0,3,3,3,3,3,2,3,3,2,3,3,3,3,3,3,3,1,3-1-2.jpg
3,1,3,¬È¿±—©ª®≈£»‚¡£,89,1,1,3,3,3,3,3,3,3,3,3,3,3,3,3,3,3,3,3,3,3,3,3,3,3,3,3,3,3,3,3,3,3,3,1,0,0,0,3,3,3,3,3,2,3,3,2,3,3,3,3,3,3,3,2,3-1-3.jpg
3,1,4,Ã® Ω≥¥∏Œ,39,1,1,3,3,3,3,3,3,3,3,3,3,3,3,3,3,3,3,3,3,3,3,3,3,3,3,3,3,3,3,3,3,3,3,1,0,0,0,3,3,3,3,3,2,3,3,2,3,3,3,3,3,3,3,2,3-1-4.jpg
3,1,5,±¥¿’“Øøæ»‚,79,1,1,3,3,3,3,3,3,3,3,3,3,3,3,3,3,3,3,3,3,3,3,3,3,3,3,3,3,3,3,3,3,3,3,1,0,0,0,3,3,3,3,3,2,3,3,2,3,3,3,3,3,3,3,3,3-1-5.jpg
3,1,6,¿œ¥◊¡˘—˘,39,1,1,3,3,3,3,4,3,3,3,3,4,4,4,4,4,4,3,3,3,3,3,4,3,3,3,3,3,2,4,3,3,3,3,1,0,0,0,2,3,3,3,3,1,3,3,1,2,3,4,3,3,2,2,3,3-1-6.jpg
3,1,7,∑¨«—≈£ÎÓ,88,1,1,3,3,3,3,3,2,3,3,3,3,3,3,3,3,3,3,3,3,3,3,3,3,2,2,2,2,3,3,3,4,4,4,1,0,0,0,3,3,3,3,4,1,3,4,1,3,4,4,3,3,4,4,4,3-1-7.jpg
3,1,8,¥Û∞Ë≤À,39,1,1,3,3,3,3,3,3,2,2,2,4,4,4,4,4,4,3,3,3,3,3,3,3,2,2,2,2,3,3,3,3,4,4,1,0,0,0,4,4,4,4,4,1,4,4,1,2,3,4,4,4,2,2,4,3-1-8.jpg
3,1,9, ÷π§¥Û”ÕÃı,19,0,1,3,3,4,4,3,3,3,3,3,4,4,4,4,3,3,4,4,3,3,3,3,3,3,3,3,3,3,3,3,3,3,3,1,0,0,0,3,3,3,3,3,4,2,2,2,2,3,3,3,3,3,3,5,3-1-9.jpg
3,1,10,∂Ï¬— Øøæ‚…,19,0,1,3,3,3,3,3,3,3,2,2,4,4,4,4,3,3,3,3,3,3,3,3,3,3,3,3,3,3,3,3,3,3,3,1,0,0,0,3,3,3,3,4,1,3,3,1,1,3,4,4,4,3,3,5,3-1-10.jpg
3,2,1,¥´Õ≥»´±¨,68,1,1,3,3,4,4,3,3,3,3,3,2,2,2,2,2,3,3,3,3,4,2,2,3,4,4,4,3,3,3,3,3,3,3,0,1,1,1,2,4,4,3,2,1,4,4,1,2,4,3,4,3,4,4,1,3-2-1.jpg
3,2,2,∫Ï…’≈£…‡Œ≤,188,1,1,3,3,4,4,3,3,3,3,3,2,2,2,2,2,3,3,3,3,4,2,2,3,4,4,4,3,3,3,3,3,3,3,0,1,1,1,2,4,4,3,2,1,4,4,1,2,4,3,4,3,4,4,1,3-2-2.jpg
3,2,3,‹æ±¨…¢µ§,188,1,1,3,3,3,3,3,3,3,2,2,4,4,4,4,3,3,3,3,3,3,3,3,3,3,3,3,3,3,3,3,3,3,3,1,0,0,0,3,3,3,3,4,1,3,3,1,1,3,4,4,4,3,3,2,3-2-3.jpg
3,2,4,Àƒ∆§»˝œ⁄≈£»‚±˝,38,1,1,3,3,4,4,3,3,3,3,3,4,4,4,4,3,3,4,4,3,3,3,3,3,3,3,3,3,3,3,3,3,3,3,1,0,0,0,3,3,3,3,3,4,2,2,2,2,3,3,3,3,3,3,2,3-2-4.jpg
3,2,5,π˚ƒæøæ—º,188,1,1,3,3,3,3,3,4,4,4,4,2,2,2,2,2,3,4,4,3,3,2,2,3,3,3,3,3,4,3,4,4,4,4,0,0,0,0,2,4,4,3,2,1,3,4,1,3,4,3,3,5,3,3,3,3-2-5.jpg
3,2,6,ª∆ÏÀ≈£»‚,68,1,1,3,3,4,4,3,3,3,3,3,2,2,2,2,2,3,3,3,3,4,2,2,3,4,4,4,3,3,3,3,3,3,3,0,1,1,1,2,4,4,3,2,1,4,4,1,2,4,3,4,3,4,4,3,3-2-6.jpg
3,2,7,—‡¥∫¬•¡ÔˆÍ”„,58,1,1,3,3,3,3,3,4,4,4,4,2,2,2,2,2,3,4,4,3,3,2,2,3,3,3,3,3,4,3,4,4,4,4,0,0,0,0,2,4,4,3,2,1,3,4,1,3,4,3,3,5,3,3,4,3-2-7.jpg
3,2,8,«Â≥¥œ∫» ,98,1,1,3,4,4,4,4,3,3,3,3,3,3,3,3,4,3,3,3,3,3,4,3,3,3,3,3,3,3,3,3,3,3,3,1,0,0,0,4,4,4,4,4,1,3,3,2,1,4,4,3,3,3,4,4,3-2-8.jpg
3,2,9,Ωπ¡Ô¿Ôºπ,78,1,1,3,3,3,3,3,4,4,4,4,2,2,2,2,2,3,4,4,3,3,2,2,3,3,3,3,3,4,3,4,4,4,4,0,0,0,0,2,4,4,3,2,1,3,4,1,3,4,3,3,5,3,3,5,3-2-9.jpg
3,2,10,¿œ±¨»˝,48,1,1,3,3,4,4,3,3,3,3,3,2,2,2,2,2,3,3,3,3,4,2,2,3,4,4,4,3,3,3,3,3,3,3,0,1,1,1,2,4,4,3,2,1,4,4,1,2,4,3,4,3,4,4,5,3-2-10.jpg
3,3,1,Ãÿ…´—¨≈≈π«,66,1,1,3,3,3,3,3,4,4,4,4,2,2,2,2,2,3,4,4,3,3,2,2,3,3,3,3,3,4,3,4,4,4,4,0,0,0,0,2,4,4,3,2,1,3,4,1,3,4,3,3,5,3,3,1,3-3-1.jpg
3,3,2,∞À’‰∂π∏Ø,52,1,1,3,3,3,3,3,3,3,2,2,4,4,4,4,3,3,3,3,3,3,3,3,3,3,3,3,3,3,3,3,3,3,3,1,0,0,0,3,3,3,3,4,1,3,3,1,1,3,4,4,4,3,3,1,3-3-2.jpg
3,3,3,Œ‰¥Û¿…¥∂±˝,20,1,1,3,3,4,4,3,3,3,3,3,4,4,4,4,3,3,4,4,3,3,3,3,3,3,3,3,3,3,3,3,3,3,3,1,0,0,0,3,3,3,3,3,4,2,2,2,2,3,3,3,3,3,3,2,3-3-3.jpg
3,3,4,ΩÚ√≈ÀÆ±¨∂«,68,1,1,3,3,4,4,3,3,3,3,3,2,2,2,2,2,3,3,3,3,4,2,2,3,4,4,4,3,3,3,3,3,3,3,0,1,1,1,2,4,4,3,2,1,4,4,1,2,4,3,4,3,4,4,2,3-3-4.jpg
3,3,5,¥´Õ≥¿œ±¨»˝,52,1,1,3,3,4,4,3,3,3,3,3,2,2,2,2,2,3,3,3,3,4,2,2,3,4,4,4,3,3,3,3,3,3,3,0,1,1,1,2,4,4,3,2,1,4,4,1,2,4,3,4,3,4,4,3,3-3-5.jpg
3,3,6,ΩÊƒ©œ∫«Ú,56,1,1,3,3,3,3,3,4,4,4,4,2,2,2,2,2,3,4,4,3,3,2,2,3,3,3,3,3,4,3,4,4,4,4,0,0,0,0,2,4,4,3,2,1,3,4,1,3,4,3,3,5,3,3,3,3-3-6.jpg
3,3,7,≥»÷≠π¯∞¸»‚,49,1,1,3,3,3,3,3,4,4,4,4,2,2,2,2,2,3,4,4,3,3,2,2,3,3,3,3,3,4,3,4,4,4,4,0,0,0,0,2,4,4,3,2,1,3,4,1,3,4,3,3,5,3,3,4,3-3-7.jpg
3,3,8,∫£”„“ªπ¯œ ,92,1,1,3,3,3,3,3,3,3,2,2,4,4,4,4,3,3,3,3,3,3,3,3,3,3,3,3,3,3,3,3,3,3,3,1,0,0,0,3,3,3,3,4,1,3,3,1,1,3,4,4,4,3,3,4,3-3-8.jpg
3,3,9,—¸π˚»´Àÿ,32,1,1,3,4,4,4,4,3,3,3,3,3,3,3,3,4,3,3,3,3,3,4,3,3,3,3,3,3,3,3,3,3,3,3,1,0,0,0,4,4,4,4,4,1,3,3,2,1,4,4,3,3,3,4,5,3-3-9.jpg
3,3,10,”˘∆∑”„Õ∑,128,1,1,3,4,4,4,4,3,3,3,3,3,3,3,3,4,3,3,3,3,3,4,3,3,3,3,3,3,3,3,3,3,3,3,1,0,0,0,4,4,4,4,4,1,3,3,2,1,4,4,3,3,3,4,5,3-3-10.jpg
3,4,1,”„Õ∑∑Ã¯«Ω,329,1,1,3,3,3,3,3,4,4,4,4,2,2,2,2,2,3,4,4,3,3,2,2,3,3,3,3,3,4,3,4,4,4,4,0,0,0,0,2,4,4,3,2,1,3,4,1,3,4,3,3,5,3,3,1,3-4-1.jpg
3,4,2,¥´Õ≥∞¸◊”,38,0,1,3,3,4,4,3,3,3,3,3,4,4,4,4,3,3,4,4,3,3,3,3,3,3,3,3,3,3,3,3,3,3,3,1,0,0,0,3,3,3,3,3,4,2,2,2,2,3,3,3,3,3,3,1,3-4-2.jpg
3,4,3,±°±˝æÌœ∫Ω¥,49,1,1,3,3,4,4,3,3,3,3,3,2,2,2,2,2,3,3,3,3,4,2,2,3,4,4,4,3,3,3,3,3,3,3,0,1,1,1,2,4,4,3,2,1,4,4,1,2,4,3,4,3,4,4,2,3-4-3.jpg
3,4,4,Ω≈∆À‚œ„º¶≥·,69,1,1,3,3,3,3,3,4,4,4,4,2,2,2,2,2,3,4,4,3,3,2,2,3,3,3,3,3,4,3,4,4,4,4,0,0,0,0,2,4,4,3,2,1,3,4,1,3,4,3,3,5,3,3,2,3-4-4.jpg
3,4,5,∫£œ Ω¥∆¥,89,0,1,3,3,4,4,3,3,3,3,3,4,4,4,4,3,3,4,4,3,3,3,3,3,3,3,3,3,3,3,3,3,3,3,1,0,0,0,3,3,3,3,3,4,2,2,2,2,3,3,3,3,3,3,3,3-4-5.jpg
3,4,6,π˚ ﬂ¥Û∞Ë≤À,49,1,1,3,3,3,3,3,3,3,2,2,4,4,4,4,3,3,3,3,3,3,3,3,3,3,3,3,3,3,3,3,3,3,3,1,0,0,0,3,3,3,3,4,1,3,3,1,1,3,4,4,4,3,3,3,3-4-6.jpg
3,4,7,¿œ¥◊¡˘—˘,49,1,1,3,3,3,3,3,3,3,2,2,4,4,4,4,3,3,3,3,3,3,3,3,3,3,3,3,3,3,3,3,3,3,3,1,0,0,0,3,3,3,3,4,1,3,3,1,1,3,4,4,4,3,3,4,3-4-7.jpg
3,4,8,ª∆ÏÀ≈£»‚∏«¬‹≤∑,89,1,1,3,3,3,3,3,4,4,4,4,2,2,2,2,2,3,4,4,3,3,2,2,3,3,3,3,3,4,3,4,4,4,4,0,0,0,0,2,4,4,3,2,1,3,4,1,3,4,3,3,5,3,3,4,3-4-8.jpg
3,4,9,∫£œ ∏Ì¥ÒÃ¿,59,1,1,3,3,3,3,3,3,3,3,3,4,4,4,4,4,3,4,4,4,4,4,3,2,2,2,3,3,3,3,3,3,3,3,1,0,0,,,,,,,,,,,,,,,,,,5,3-4-9.jpg
3,4,10,—¯…˙ ± ﬂ–°≥¥,49,1,1,3,3,3,3,3,3,3,2,2,4,4,4,4,3,3,3,3,3,3,3,3,3,3,3,3,3,3,3,3,3,3,3,1,0,0,0,3,3,3,3,4,1,3,3,1,1,3,4,4,4,3,3,5,3-4-10.jpg
3,5,1,∞À’‰∂π∏Ø,66,1,1,3,4,4,4,4,3,3,3,3,3,3,3,3,4,3,3,3,3,3,4,3,3,3,3,3,3,3,3,3,3,3,3,1,0,0,0,4,4,4,4,4,1,3,3,2,1,4,4,3,3,3,4,1,3-5-1.jpg
3,5,2,Ó¿±ƒ¿”„,98,1,1,3,3,4,4,3,3,3,3,3,2,2,2,2,2,3,3,3,3,4,2,2,3,4,4,4,3,3,3,3,3,3,3,0,1,1,1,2,4,4,3,2,1,4,4,1,2,4,3,4,3,4,4,1,3-5-2.jpg
3,5,3,ΩÚ√≈¿œ±¨»˝,58,1,1,3,3,3,3,3,4,4,4,4,2,2,2,2,2,3,4,4,3,3,2,2,3,3,3,3,3,4,3,4,4,4,4,0,0,0,0,2,4,4,3,2,1,3,4,1,3,4,3,3,5,3,3,2,3-5-3.jpg
3,5,4,Ω¥±¨—¸π˚º¶∂°,38,1,1,3,4,4,4,4,3,3,3,3,3,3,3,3,4,3,3,3,3,3,4,3,3,3,3,3,3,3,3,3,3,3,3,1,0,0,0,4,4,4,4,4,1,3,3,2,1,4,4,3,3,3,4,2,3-5-4.jpg
3,5,5,»¸Û¶–∑,48,1,1,3,3,3,3,3,4,4,4,4,2,2,2,2,2,3,4,4,3,3,2,2,3,3,3,3,3,4,3,4,4,4,4,0,0,0,0,2,4,4,3,2,1,3,4,1,3,4,3,3,5,3,3,3,3-5-5.jpg
3,5,6,ø⁄¥¸±˝—Ú»‚,78,1,1,3,3,3,3,3,4,4,4,4,2,2,2,2,2,3,4,4,3,3,2,2,3,3,3,3,3,4,3,4,4,4,4,0,0,0,0,2,4,4,3,2,1,3,4,1,3,4,3,3,5,3,3,3,3-5-6.jpg
3,5,7,Ãÿ…´¥Û¿≠∆§,28,1,1,3,3,3,3,3,3,3,2,2,4,4,4,4,3,3,3,3,3,3,3,3,3,3,3,3,3,3,3,3,3,3,3,1,0,0,0,3,3,3,3,4,1,3,3,1,1,3,4,4,4,3,3,4,3-5-7.jpg
3,5,8,À·¿±Ã¿,10,1,1,3,3,4,4,3,3,3,3,3,2,2,2,2,2,3,3,3,3,4,2,2,3,4,4,4,3,3,3,3,3,3,3,0,1,1,1,2,4,4,3,2,1,4,4,1,2,4,3,4,3,4,4,4,3-5-8.jpg
3,5,9,œ œ∫«—∫–,58,1,1,3,3,3,3,3,4,4,4,4,2,2,2,2,2,3,4,4,3,3,2,2,3,3,3,3,3,4,3,4,4,4,4,0,0,0,0,2,4,4,3,2,1,3,4,1,3,4,3,3,5,3,3,5,3-5-9.jpg
3,5,10,–°≥¥ª ,48,1,1,3,3,3,3,3,3,3,2,2,4,4,4,4,3,3,3,3,3,3,3,3,3,3,3,3,3,3,3,3,3,3,3,1,0,0,0,3,3,3,3,4,1,3,3,1,1,3,4,4,4,3,3,5,3-5-10.jpg
3,6,1,∞À’‰∂π∏Ø,66,1,1,3,4,4,4,4,3,3,3,3,3,3,3,3,4,3,3,3,3,3,4,3,3,3,3,3,3,3,3,3,3,3,3,1,0,0,0,4,4,4,4,4,1,3,3,2,1,4,4,3,3,3,4,1,3-6-1.jpg
3,6,2,¥Û≥¯∑ÁŒ∂«—◊”,42,1,1,3,3,3,3,3,3,3,2,2,4,4,4,4,3,3,3,3,3,3,3,3,3,3,3,3,3,3,3,3,3,3,3,1,0,0,0,3,3,3,3,4,1,3,3,1,1,3,4,4,4,3,3,1,3-6-2.jpg
3,6,3,…∞π¯¥¯”„,38,1,1,3,3,3,3,3,4,4,4,4,2,2,2,2,2,3,4,4,3,3,2,2,3,3,3,3,3,4,3,4,4,4,4,0,0,0,0,2,4,4,3,2,1,3,4,1,3,4,3,3,5,3,3,2,3-6-3.jpg
3,6,4,«≈Õ∑±§œ„À÷≈≈π«,66,1,1,3,3,3,3,3,4,4,4,4,2,2,2,2,2,3,4,4,3,3,2,2,3,3,3,3,3,4,3,4,4,4,4,0,0,0,0,2,4,4,3,2,1,3,4,1,3,4,3,3,5,3,3,2,3-6-4.jpg
3,6,5,æ´∆∑»´±¨,50,1,1,3,3,4,4,3,3,3,3,3,2,2,2,2,2,3,3,3,3,4,2,2,3,4,4,4,3,3,3,3,3,3,3,0,1,1,1,2,4,4,3,2,1,4,4,1,2,4,3,4,3,4,4,3,3-6-5.jpg
3,6,6,∫Ï…’≈£Œ—π«,78,1,1,3,3,3,3,3,4,4,4,4,2,2,2,2,2,3,4,4,3,3,2,2,3,3,3,3,3,4,3,4,4,4,4,0,0,0,0,2,4,4,3,2,1,3,4,1,3,4,3,3,5,3,3,3,3-6-6.jpg
3,6,7,∏…Ï‘ˆœ”„–Î,50,1,1,3,3,4,4,3,3,3,3,3,2,2,2,2,2,3,3,3,3,4,2,2,3,4,4,4,3,3,3,3,3,3,3,0,1,1,1,2,4,4,3,2,1,4,4,1,2,4,3,4,3,4,4,4,3-6-7.jpg
3,6,8,Ω¥±¨ÃÔº¶Õ»,50,1,1,3,3,3,3,3,4,4,4,4,2,2,2,2,2,3,4,4,3,3,2,2,3,3,3,3,3,4,3,4,4,4,4,0,0,0,0,2,4,4,3,2,1,3,4,1,3,4,3,3,5,3,3,4,3-6-8.jpg
3,6,9,π¯À˙»˝œ ,56,1,1,3,3,3,3,3,3,3,2,2,4,4,4,4,3,3,3,3,3,3,3,3,3,3,3,3,3,3,3,3,3,3,3,1,0,0,0,3,3,3,3,4,1,3,3,1,1,3,4,4,4,3,3,5,3-6-9.jpg
3,6,10,«≈Õ∑±§Ãÿ…´º¶,46,1,1,3,3,3,3,3,4,4,4,4,2,2,2,2,2,3,4,4,3,3,2,2,3,3,3,3,3,4,3,4,4,4,4,0,0,0,0,2,4,4,3,2,1,3,4,1,3,4,3,3,5,3,3,5,3-6-10.jpg
3,7,1,Ó¿±ƒ¿”„,129,1,1,3,4,4,4,4,3,3,3,3,3,3,3,3,4,3,3,3,3,3,4,3,3,3,3,3,3,3,3,3,3,3,3,1,0,0,0,4,4,4,4,4,1,3,3,2,1,4,4,3,3,3,4,1,3-7-1.jpg
3,7,2,Œ˜ ΩÀ÷∆§πﬁÏÀ≈£»‚,99,1,1,3,3,3,3,3,4,4,4,4,2,2,2,2,2,3,4,4,3,3,2,2,3,3,3,3,3,4,3,4,4,4,4,0,0,0,0,2,4,4,3,2,1,3,4,1,3,4,3,3,5,3,3,1,3-7-2.jpg
3,7,3,’–≈∆¥◊¬±√Ê,19,1,1,3,3,3,3,3,4,4,4,4,2,2,2,2,2,3,4,4,3,3,2,2,3,3,3,3,3,4,3,4,4,4,4,0,0,0,0,2,4,4,3,2,1,3,4,1,3,4,3,3,5,3,3,2,3-7-3.jpg
3,7,4,Ã® Ω»˝±≠º¶,79,1,1,3,3,3,3,3,4,4,4,4,2,2,2,2,2,3,4,4,3,3,2,2,3,3,3,3,3,4,3,4,4,4,4,0,0,0,0,2,4,4,3,2,1,3,4,1,3,4,3,3,5,3,3,2,3-7-4.jpg
3,7,5,¥®Ω∑Õ—π«÷Ì ÷,89,1,1,3,3,3,3,3,4,4,4,4,2,2,2,2,2,3,4,4,3,3,2,2,3,3,3,3,3,4,3,4,4,4,4,0,0,0,0,2,4,4,3,2,1,3,4,1,3,4,3,3,5,3,3,3,3-7-5.jpg
3,7,6,¥–…’∫£≤ŒÃÏΩÚ∏¬∞Õ≤À,189,1,1,3,4,4,4,4,3,3,3,3,3,3,3,3,4,3,3,3,3,3,4,3,3,3,3,3,3,3,3,3,3,3,3,1,0,0,0,4,4,4,4,4,1,3,3,2,1,4,4,3,3,3,4,3,3-7-6.jpg
3,7,7,’≈ƒ∏¿Û÷¶œ∫«Ú,109,1,1,3,3,3,3,3,4,4,4,4,2,2,2,2,2,3,4,4,3,3,2,2,3,3,3,3,3,4,3,4,4,4,4,0,0,0,0,2,4,4,3,2,1,3,4,1,3,4,3,3,5,3,3,4,3-7-7.jpg
3,7,8,“ª≥ÿΩı¿À·ƒÃ,22,1,1,3,3,3,3,3,4,3,3,3,3,3,3,3,3,3,3,3,3,3,3,3,3,3,3,3,3,4,3,3,3,3,3,1,0,0,0,4,4,4,3,2,3,2,2,4,3,2,4,3,4,3,3,4,3-7-8.jpg
3,7,9,∫⁄À‚◊”≈£»‚¡£,109,1,1,3,3,3,3,3,4,4,4,4,2,2,2,2,2,3,4,4,3,3,2,2,3,3,3,3,3,4,3,4,4,4,4,0,0,0,0,2,4,4,3,2,1,3,4,1,3,4,3,3,5,3,3,5,3-7-9.jpg
3,7,10,ÀÆ÷Û¥Ûœ∫,89,1,1,0,4,4,4,3,3,4,4,4,5,5,5,5,5,4,5,3,3,3,3,3,5,3,3,3,3,3,3,3,3,3,3,1,0,0,0,4,4,4,4,4,1,4,4,1,4,3,4,3,3,3,3,5,3-7-10.jpg
3,8,1,ΩÚ√≈Ã˙π¯Ï¿”„Õ∑,158,1,1,3,4,4,4,4,3,3,3,3,3,3,3,3,4,3,3,3,3,3,4,3,3,3,3,3,3,3,3,3,3,3,3,1,0,0,0,4,4,4,4,4,1,3,3,2,1,4,4,3,3,3,4,1,3-8-1.jpg
3,8,2,≈≈π«∂πΩ«“ªπ¯≥ˆ,158,1,1,3,3,3,3,3,4,4,4,4,2,2,2,2,2,3,4,4,3,3,2,2,3,3,3,3,3,4,3,4,4,4,4,0,0,0,0,2,4,4,3,2,1,3,4,1,3,4,3,3,5,3,3,1,3-8-2.jpg
3,8,3,¥‡π˚» ¬Ã≤§≤À,22,1,1,3,3,3,3,3,3,3,2,2,4,4,4,4,3,3,3,3,3,3,3,3,3,3,3,3,3,3,3,3,3,3,3,1,0,0,0,3,3,3,3,4,1,3,3,1,1,3,4,4,4,3,3,2,3-8-3.jpg
3,8,4,Œ‰«Â∂π∏ØÀø,22,1,1,3,3,3,3,3,3,3,2,2,4,4,4,4,3,3,3,3,3,3,3,3,3,3,3,3,3,3,3,3,3,3,3,1,0,0,0,3,3,3,3,4,1,3,3,1,1,3,4,4,4,3,3,2,3-8-4.jpg
3,8,5,”Ò√◊±˝,5,1,1,3,3,4,4,3,3,3,3,3,4,4,4,4,3,3,4,4,3,3,3,3,3,3,3,3,3,3,3,3,3,3,3,1,0,0,0,3,3,3,3,3,4,2,2,2,2,3,3,3,3,3,3,3,3-8-5.jpg
3,8,6,ΩÓÕ∑∞Õƒ‘“ªπ¯≥ˆ,139,1,1,3,4,4,4,4,3,3,3,3,3,3,3,3,4,3,3,3,3,3,4,3,3,3,3,3,3,3,3,3,3,3,3,1,0,0,0,4,4,4,4,4,1,3,3,2,1,4,4,3,3,3,4,3,3-8-6.jpg
3,8,7,ŒÂ≤ ¿≠∆§,22,1,1,3,4,4,4,4,3,3,3,3,3,3,3,3,4,3,3,3,3,3,4,3,3,3,3,3,3,3,3,3,3,3,3,1,0,0,0,4,4,4,4,4,1,3,3,2,1,4,4,3,3,3,4,4,3-8-7.jpg
3,8,8,À·¿±ﬁß∏˘∑€,25,1,1,3,3,3,3,3,3,3,2,2,4,4,4,4,3,3,3,3,3,3,3,3,3,3,3,3,3,3,3,3,3,3,3,1,0,0,0,3,3,3,3,4,1,3,3,1,1,3,4,4,4,3,3,4,3-8-8.jpg
3,8,9,ÃÏΩÚŒ¿∫£»´”„,109,1,1,3,4,4,4,4,3,3,3,3,3,3,3,3,4,3,3,3,3,3,4,3,3,3,3,3,3,3,3,3,3,3,3,1,0,0,0,4,4,4,4,4,1,3,3,2,1,4,4,3,3,3,4,5,3-8-9.jpg
3,8,10,”Ò√◊‘¸÷‡,12,1,1,3,3,3,3,3,3,3,3,3,3,3,3,3,3,3,3,3,3,3,3,3,3,3,3,3,3,3,3,3,3,3,3,1,0,0,0,5,4,4,4,5,5,3,3,1,1,3,4,3,2,3,3,5,3-8-10.jpg
3,9,1,Õ¡∂π…≥¿≠,26,1,1,3,4,4,4,4,3,3,3,3,3,3,3,3,4,3,3,3,3,3,4,3,3,3,3,3,3,3,3,3,3,3,3,1,0,0,0,4,4,4,4,4,1,3,3,2,1,4,4,3,3,3,4,1,3-9-1.jpg
3,9,2,œ„ª¨ª®…˙∫˝,18,1,1,3,4,4,3,3,3,4,4,4,3,3,3,3,3,3,4,4,3,3,3,3,3,3,3,3,3,3,3,3,3,3,3,1,0,0,0,4,3,3,3,4,5,3,3,3,1,3,5,3,3,4,5,1,3-9-2.jpg
3,9,3,œ„¥–≈≈π«,79,1,1,3,3,3,3,3,4,4,4,4,2,2,2,2,2,3,4,4,3,3,2,2,3,3,3,3,3,4,3,4,4,4,4,0,0,0,0,2,4,4,3,2,1,3,4,1,3,4,3,3,5,3,3,2,3-9-3.jpg
3,9,4,’®œ ˆœ,62,1,1,3,3,3,3,3,4,4,4,4,2,2,2,2,2,3,4,4,3,3,2,2,3,3,3,3,3,4,3,4,4,4,4,0,0,0,0,2,4,4,3,2,1,3,4,1,3,4,3,3,5,3,3,2,3-9-4.jpg
3,9,5,À‚◊”≈£»‚¡£,72,1,1,3,4,4,4,4,3,3,3,3,3,3,3,3,4,3,3,3,3,3,4,3,3,3,3,3,3,3,3,3,3,3,3,1,0,0,0,4,4,4,4,4,1,3,3,2,1,4,4,3,3,3,4,3,3-9-5.jpg
3,9,6,¿ı◊”∞◊≤À,38,1,1,3,4,4,4,4,3,3,3,3,3,3,3,3,4,3,3,3,3,3,4,3,3,3,3,3,3,3,3,3,3,3,3,1,0,0,0,4,4,4,4,4,1,3,3,2,1,4,4,3,3,3,4,3,3-9-6.jpg
3,9,7,π÷Œ∂º¶Àø,38,1,1,3,4,4,4,4,3,3,3,3,3,3,3,3,4,3,3,3,3,3,4,3,3,3,3,3,3,3,3,3,3,3,3,1,0,0,0,4,4,4,4,4,1,3,3,2,1,4,4,3,3,3,4,4,3-9-7.jpg
3,9,8,π÷Œ∂”„¡¯,38,1,1,3,3,3,3,3,3,3,2,2,4,4,4,4,3,3,3,3,3,3,3,3,3,3,3,3,3,3,3,3,3,3,3,1,0,0,0,3,3,3,3,4,1,3,3,1,1,3,4,4,4,3,3,4,3-9-8.jpg
3,9,9,«Â≥¥ÀƒΩ«≤À,36,1,1,3,4,4,4,4,3,3,3,3,3,3,3,3,4,3,3,3,3,3,4,3,3,3,3,3,3,3,3,3,3,3,3,1,0,0,0,4,4,4,4,4,1,3,3,2,1,4,4,3,3,3,4,5,3-9-9.jpg
3,9,10,—ºª∆œ∫» ,98,1,1,3,4,4,4,4,3,3,3,3,3,3,3,3,4,3,3,3,3,3,4,3,3,3,3,3,3,3,3,3,3,3,3,1,0,0,0,4,4,4,4,4,1,3,3,2,1,4,4,3,3,3,4,5,3-9-10.jpg
3,10,1,—Ú»‚¥Æ,8,0,1,3,4,4,4,4,3,3,3,3,3,3,3,3,4,3,3,3,3,3,4,3,3,3,3,3,3,3,3,3,3,3,3,1,0,0,0,4,4,4,4,4,1,3,3,2,1,4,4,3,3,3,4,1,3-10-1.jpg
3,10,2,≈£»‚œ⁄±˝,12,0,1,3,3,4,4,3,3,3,3,3,4,4,4,4,3,3,4,4,3,3,3,3,3,3,3,3,3,3,3,3,3,3,3,1,0,0,0,3,3,3,3,3,4,2,2,2,2,3,3,3,3,3,3,1,3-10-2.jpg
3,10,3,ÀÆ±¨∂«,62,1,1,3,3,4,4,3,3,3,3,3,2,2,2,2,2,3,3,3,3,4,2,2,3,4,4,4,3,3,3,3,3,3,3,0,1,1,1,2,4,4,3,2,1,4,4,1,2,4,3,4,3,4,4,2,3-10-3.jpg
3,10,4,∫⁄∆°æ∆,15,3,1,3,3,3,3,3,4,4,4,4,3,3,3,3,3,3,5,3,3,3,3,3,3,3,3,3,3,3,3,3,3,3,3,1,0,0,0,1,1,3,3,2,1,3,3,2,3,4,3,3,5,3,2,2,3-10-4.jpg
3,10,5,¿œ±¨»˝,32,1,1,3,3,4,4,3,3,3,3,3,2,2,2,2,2,3,3,3,3,4,2,2,3,4,4,4,3,3,3,3,3,3,3,0,1,1,1,2,4,4,3,2,1,4,4,1,2,4,3,4,3,4,4,3,3-10-5.jpg
3,10,6,Ω∑—Œˆœ”„–Î,62,1,1,3,3,4,4,3,3,3,3,3,2,2,2,2,2,3,3,3,3,4,2,2,3,4,4,4,3,3,3,3,3,3,3,0,1,1,1,2,4,4,3,2,1,4,4,1,2,4,3,4,3,4,4,3,3-10-6.jpg
3,10,7,∫Ï…’≈£…‡Œ≤,68,1,1,3,3,4,4,3,3,3,3,3,2,2,2,2,2,3,3,3,3,4,2,2,3,4,4,4,3,3,3,3,3,3,3,0,1,1,1,2,4,4,3,2,1,4,4,1,2,4,3,4,3,4,4,4,3-10-7.jpg
3,10,8,¥–±¨—Ú»‚,48,1,1,3,4,4,4,4,3,3,3,3,3,3,3,3,4,3,3,3,3,3,4,3,3,3,3,3,3,3,3,3,3,3,3,1,0,0,0,4,4,4,4,4,1,3,3,2,1,4,4,3,3,3,4,4,3-10-8.jpg
3,10,9,÷•¬È…’±˝,4,1,1,3,3,4,4,3,3,3,3,3,4,4,4,4,3,3,4,4,3,3,3,3,3,3,3,3,3,3,3,3,3,3,3,1,0,0,0,3,3,3,3,3,4,2,2,2,2,3,3,3,3,3,3,5,3-10-9.jpg
3,10,10,‘˙∆°,15,3,1,3,3,3,3,3,4,4,4,4,3,3,3,3,3,3,5,3,3,3,3,3,3,3,3,3,3,3,3,3,3,3,3,1,0,0,0,1,1,3,3,2,1,3,3,2,3,4,3,3,5,3,2,5,3-10-10.jpg
3,11,1,Ã˙…◊∑Ô◊¶,65,1,1,3,4,4,4,4,3,3,3,3,3,3,3,3,4,3,3,3,3,3,4,3,3,3,3,3,3,3,3,3,3,3,3,1,0,0,0,4,4,4,4,4,1,3,3,2,1,4,4,3,3,3,4,1,3-11-1.jpg
3,11,2,∞À’‰∂π∏Ø,58,1,1,3,4,4,3,3,3,4,4,4,3,3,3,3,3,3,4,4,3,3,3,3,3,3,3,3,3,3,3,3,3,3,3,1,0,0,0,4,3,3,3,4,5,3,3,3,1,3,5,3,3,4,5,1,3-11-2.jpg
3,11,3,øæ—º,158,1,1,3,4,4,4,4,3,3,3,3,3,3,3,3,4,3,3,3,3,3,4,3,3,3,3,3,3,3,3,3,3,3,3,1,0,0,0,4,4,4,4,4,1,3,3,2,1,4,4,3,3,3,4,2,3-11-3.jpg
3,11,4,π¨±£œ∫«Ú,78,1,1,3,4,4,4,4,3,3,3,3,3,3,3,3,4,3,3,3,3,3,4,3,3,3,3,3,3,3,3,3,3,3,3,1,0,0,0,4,4,4,4,4,1,3,3,2,1,4,4,3,3,3,4,2,3-11-4.jpg
3,11,5,π¨±£º¶∂°,32,1,1,3,4,4,4,4,3,3,3,3,3,3,3,3,4,3,3,3,3,3,4,3,3,3,3,3,3,3,3,3,3,3,3,1,0,0,0,4,4,4,4,4,1,3,3,2,1,4,4,3,3,3,4,3,3-11-5.jpg
3,11,6,¿∂›Æ…Ω“©,26,1,1,3,4,4,3,3,3,4,4,4,3,3,3,3,3,3,4,4,3,3,3,3,3,3,3,3,3,3,3,3,3,3,3,1,0,0,0,4,3,3,3,4,5,3,3,3,1,3,5,3,3,4,5,3,3-11-6.jpg
3,11,7,»˚Õ‚√ÿ÷∆—Ú≈≈,160,1,1,3,3,4,4,3,3,3,3,3,2,2,2,2,2,3,3,3,3,4,2,2,3,4,4,4,3,3,3,3,3,3,3,0,1,1,1,2,4,4,3,2,1,4,4,1,2,4,3,4,3,4,4,4,3-11-7.jpg
3,11,8,πﬁÏÀ≈£»‚,77,1,1,3,3,3,3,3,4,4,4,4,2,2,2,2,2,3,4,4,3,3,2,2,3,3,3,3,3,4,3,4,4,4,4,0,0,0,0,2,4,4,3,2,1,3,4,1,3,4,3,3,5,3,3,4,3-11-8.jpg
3,11,9,Ã˙…◊ ®◊”Õ∑,30,1,1,3,4,4,4,4,3,3,3,3,3,3,3,3,4,3,3,3,3,3,4,3,3,3,3,3,3,3,3,3,3,3,3,1,0,0,0,4,4,4,4,4,1,3,3,2,1,4,4,3,3,3,4,5,3-11-9.jpg
3,11,10,÷• øüh∫Ï Ì,8,1,1,3,4,4,3,3,3,4,4,4,3,3,3,3,3,3,4,4,3,3,3,3,3,3,3,3,3,3,3,3,3,3,3,1,0,0,0,4,3,3,3,4,5,3,3,3,1,3,5,3,3,4,5,5,3-11-10.jpg
3,12,1,π€“Ù≤Ëœ„œ∫,198,1,1,3,4,4,4,4,3,3,3,3,3,3,3,3,4,3,3,3,3,3,4,3,3,3,3,3,3,3,3,3,3,3,3,1,0,0,0,4,4,4,4,4,1,3,3,2,1,4,4,3,3,3,4,1,3-12-1.jpg
3,12,2,Ó¿±ƒ¿”„,228,1,1,3,3,4,4,3,3,3,3,3,2,2,2,2,2,3,3,3,3,4,2,2,3,4,4,4,3,3,3,3,3,3,3,0,1,1,1,2,4,4,3,2,1,4,4,1,2,4,3,4,3,4,4,1,3-12-2.jpg
3,12,3,∂˛À˚¬ËÃ«±˝,15,0,1,3,3,4,4,3,3,3,3,3,4,4,4,4,3,3,4,4,3,3,3,3,3,3,3,3,3,3,3,3,3,3,3,1,0,0,0,3,3,3,3,3,4,2,2,2,2,3,3,3,3,3,3,2,3-12-3.jpg
3,12,4,√ÿÀ‚±¨≈£»‚,188,1,1,3,4,4,4,4,3,3,3,3,3,3,3,3,4,3,3,3,3,3,4,3,3,3,3,3,3,3,3,3,3,3,3,1,0,0,0,4,4,4,4,4,1,3,3,2,1,4,4,3,3,3,4,2,3-12-4.jpg
3,12,5,¿∞∞ÀÀ‚…’¬πΩÓ,168,1,1,3,4,4,4,4,3,3,3,3,3,3,3,3,4,3,3,3,3,3,4,3,3,3,3,3,3,3,3,3,3,3,3,1,0,0,0,4,4,4,4,4,1,3,3,2,1,4,4,3,3,3,4,3,3-12-5.jpg
3,12,6,–°Õ¡∂π…’»‚ÏÀ±´”„,298,1,1,3,3,4,4,3,3,3,3,3,2,2,2,2,2,3,3,3,3,4,2,2,3,4,4,4,3,3,3,3,3,3,3,0,1,1,1,2,4,4,3,2,1,4,4,1,2,4,3,4,3,4,4,3,3-12-6.jpg
3,12,7,∞◊≤À’›Õ∑,58,1,1,3,4,4,4,4,3,3,3,3,3,3,3,3,4,3,3,3,3,3,4,3,3,3,3,3,3,3,3,3,3,3,3,1,0,0,0,4,4,4,4,4,1,3,3,2,1,4,4,3,3,3,4,4,3-12-7.jpg
3,12,8,¿œ¥◊∞Ë’›Õ∑,58,1,1,3,3,3,3,3,3,3,2,2,4,4,4,4,3,3,3,3,3,3,3,3,3,3,3,3,3,3,3,3,3,3,3,1,0,0,0,3,3,3,3,4,1,3,3,1,1,3,4,4,4,3,3,4,3-12-8.jpg
3,12,9,øæ—ÚÕ»,188,1,1,3,3,3,3,3,4,4,4,4,2,2,2,2,2,3,4,4,3,3,2,2,3,3,3,3,3,4,3,4,4,4,4,0,0,0,0,2,4,4,3,2,1,3,4,1,3,4,3,3,5,3,3,5,3-12-9.jpg
3,12,10,¥‡«Ôø˚º·π˚…≥¿≠,68,1,1,3,4,4,4,4,3,3,3,3,3,3,3,3,4,3,3,3,3,3,4,3,3,3,3,3,3,3,3,3,3,3,3,1,0,0,0,4,4,4,4,4,1,3,3,2,1,4,4,3,3,3,4,5,3-12-10.jpg
3,13,1,À´º¶µ∞π˚±Õ,12,1,1,3,3,4,4,3,3,3,3,3,4,4,4,4,3,3,4,4,3,3,3,3,3,3,3,3,3,3,3,3,3,3,3,1,0,0,0,3,3,3,3,3,4,2,2,2,2,3,3,3,3,3,3,1,3-13-1.jpg
3,13,2,¥´Õ≥ºÂ±˝π˚◊”,16,1,1,3,3,4,4,3,3,3,3,3,4,4,4,4,3,3,4,4,3,3,3,3,3,3,3,3,3,3,3,3,3,3,3,1,0,0,0,3,3,3,3,3,4,2,2,2,2,3,3,3,3,3,3,1,3-13-2.jpg
3,13,3,À´º¶µ∞À´π˚◊”,11,1,1,3,3,4,4,3,3,3,3,3,4,4,4,4,3,3,4,4,3,3,3,3,3,3,3,3,3,3,3,3,3,3,3,1,0,0,0,3,3,3,3,3,4,2,2,2,2,3,3,3,3,3,3,2,3-13-3.jpg
3,13,4,À´º¶µ∞π˚Û˜∂˘,12,1,1,3,3,4,4,3,3,3,3,3,4,4,4,4,3,3,4,4,3,3,3,3,3,3,3,3,3,3,3,3,3,3,3,1,0,0,0,3,3,3,3,3,4,2,2,2,2,3,3,3,3,3,3,2,3-13-4.jpg
3,13,5,∂˛…©◊”ºÂ±˝π˚◊”,10,1,1,3,3,4,4,3,3,3,3,3,4,4,4,4,3,3,4,4,3,3,3,3,3,3,3,3,3,3,3,3,3,3,3,1,0,0,0,3,3,3,3,3,4,2,2,2,2,3,3,3,3,3,3,3,3-13-5.jpg
3,13,6,‘≠Œ∂∂πΩ¨,6,3,1,3,4,4,3,3,3,4,4,4,3,3,3,3,3,3,4,4,3,3,3,3,3,3,3,3,3,3,3,3,3,3,3,1,0,0,0,4,3,3,3,4,5,3,3,3,1,3,5,3,3,4,5,3,3-13-6.jpg
3,13,7,”ÕÃı,2,0,1,3,3,4,4,3,3,3,3,3,4,4,4,4,3,3,4,4,3,3,3,3,3,3,3,3,3,3,3,3,3,3,3,1,0,0,0,3,3,3,3,3,4,2,2,2,2,3,3,3,3,3,3,4,3-13-7.jpg
3,13,8,…’±˝º–≈£»‚,18,1,1,3,3,4,4,3,3,3,3,3,4,4,4,4,3,3,4,4,3,3,3,3,3,3,3,3,3,3,3,3,3,3,3,1,0,0,0,3,3,3,3,3,4,2,2,2,2,3,3,3,3,3,3,4,3-13-8.jpg
3,13,9,æ´∆∑À´µ∞ºÂ±˝π˚◊”,16,1,1,3,3,4,4,3,3,3,3,3,4,4,4,4,3,3,4,4,3,3,3,3,3,3,3,3,3,3,3,3,3,3,3,1,0,0,0,3,3,3,3,3,4,2,2,2,2,3,3,3,3,3,3,5,3-13-9.jpg
3,13,10,—ºÀ¯π«,15,1,1,3,3,4,4,3,3,3,3,3,2,2,2,2,2,3,3,3,3,4,2,2,3,4,4,4,3,3,3,3,3,3,3,0,1,1,1,2,4,4,3,2,1,4,4,1,2,4,3,4,3,4,4,5,3-13-10.jpg
3,14,1,¥´Õ≥÷Ì»‚∞¸◊”,46,1,1,3,3,4,4,3,3,3,3,3,4,4,4,4,3,3,4,4,3,3,3,3,3,3,3,3,3,3,3,3,3,3,3,1,0,0,0,3,3,3,3,3,4,2,2,2,2,3,3,3,3,3,3,1,3-14-1.jpg
3,14,2,¥´Õ≥»˝œ ∞¸◊”,48,1,1,3,3,4,4,3,3,3,3,3,4,4,4,4,3,3,4,4,3,3,3,3,3,3,3,3,3,3,3,3,3,3,3,1,0,0,0,3,3,3,3,3,4,2,2,2,2,3,3,3,3,3,3,1,3-14-2.jpg
3,14,3,“ª∆∑»´–∑∞¸,88,1,1,3,3,4,4,3,3,3,3,3,4,4,4,4,3,3,4,4,3,3,3,3,3,3,3,3,3,3,3,3,3,3,3,1,0,0,0,3,3,3,3,3,4,2,2,2,2,3,3,3,3,3,3,2,3-14-3.jpg
3,14,4,∞ŸƒÍΩ¥»‚∞¸,64,1,1,3,3,4,4,3,3,3,3,3,4,4,4,4,3,3,4,4,3,3,3,3,3,3,3,3,3,3,3,3,3,3,3,1,0,0,0,3,3,3,3,3,4,2,2,2,2,3,3,3,3,3,3,2,3-14-4.jpg
3,14,5, Øƒ•∂π∏Ø,9.9,1,1,3,3,4,4,3,3,3,3,3,4,4,4,4,3,3,4,4,3,3,3,3,3,3,3,3,3,3,3,3,3,3,3,1,0,0,0,3,3,3,3,3,4,2,2,2,2,3,3,3,3,3,3,3,3-14-5.jpg
3,14,6,ºÂ±˝π˚◊”,15,0,1,3,3,4,4,3,3,3,3,3,4,4,4,4,3,3,4,4,3,3,3,3,3,3,3,3,3,3,3,3,3,3,3,1,0,0,0,3,3,3,3,3,4,2,2,2,2,3,3,3,3,3,3,3,3-14-6.jpg
3,14,7,¥–…’∫£≤Œ,128,1,1,3,4,4,4,4,3,3,3,3,3,3,3,3,4,3,3,3,3,3,4,3,3,3,3,3,3,3,3,3,3,3,3,1,0,0,0,4,4,4,4,4,1,3,3,2,1,4,4,3,3,3,4,4,3-14-7.jpg
3,14,8, ≤ΩıÀÿ∞¸◊”,24,0,1,3,3,4,4,3,3,3,3,3,4,4,4,4,3,3,4,4,3,3,3,3,3,3,3,3,3,3,3,3,3,3,3,1,0,0,0,3,3,3,3,3,4,2,2,2,2,3,3,3,3,3,3,4,3-14-8.jpg
3,14,9,ΩÚπ¡À´∆¥,68,1,1,3,3,4,4,3,3,3,3,3,4,4,4,4,3,3,4,4,3,3,3,3,3,3,3,3,3,3,3,3,3,3,3,1,0,0,0,3,3,3,3,3,4,2,2,2,2,3,3,3,3,3,3,5,3-14-9.jpg
3,14,10,œ∫» √ÊΩÓ,23,1,1,3,3,3,3,3,3,3,2,2,4,4,4,4,3,3,3,3,3,3,3,3,3,3,3,3,3,3,3,3,3,3,3,1,0,0,0,3,3,3,3,4,1,3,3,1,1,3,4,4,4,3,3,5,3-14-10.jpg
3,15,1,æ¢¥‡º¶Õ»±§∂πƒ‡≤Õ,39,1,1,3,3,3,3,3,3,3,3,3,3,3,3,3,3,3,3,3,3,3,3,3,3,3,3,3,3,3,3,3,3,3,3,1,0,0,0,3,3,3,3,3,2,3,3,2,3,3,3,3,3,3,3,1,3-15-1.jpg
3,15,2,œ„¿±º¶≥·’®º¶,12,0,1,0,3,3,3,3,3,3,3,3,3,3,3,3,3,3,3,3,3,3,3,3,3,3,3,3,3,3,3,3,3,3,3,1,0,0,0,3,3,3,3,3,2,3,3,2,3,3,3,3,3,3,3,1,3-15-2.jpg
3,15,3, ÌÃı,7.5,0,2,0,3,3,3,3,3,3,3,3,3,3,3,3,3,3,3,3,3,3,3,3,3,3,3,3,3,3,3,3,3,3,3,1,0,0,0,3,3,3,3,3,2,3,3,2,3,3,3,3,3,3,3,2,3-15-3.jpg
3,15,4,¿œ±±æ©º¶»‚æÌ,18,1,2,0,3,3,3,3,3,3,3,3,3,3,3,3,3,3,3,3,3,3,3,3,3,3,3,3,3,3,3,3,3,3,3,1,0,0,0,3,3,3,3,3,2,3,3,2,3,3,3,3,3,3,3,2,3-15-4.jpg
3,15,5,¥ºœ„Õ¡∂πƒ‡,6,0,2,0,3,3,3,3,3,3,3,3,3,3,3,3,3,3,3,3,3,3,3,3,3,3,3,3,3,3,3,3,3,3,3,1,0,0,0,3,3,3,3,3,2,3,3,2,3,3,3,3,3,3,3,3,3-15-5.jpg
3,15,6,¥º∂πΩ¨,9,3,1,0,3,3,3,3,3,3,3,3,3,3,3,3,3,3,3,3,3,3,3,3,3,3,3,3,3,3,3,3,3,3,3,1,0,0,0,3,3,3,3,3,2,3,3,2,3,3,3,3,3,3,3,3,3-15-6.jpg
3,15,7,÷• ø÷≠÷≠ƒ€≈£±§,19.9,1,2,0,3,3,3,3,3,3,3,3,3,3,3,3,3,3,3,3,3,3,3,3,3,3,3,3,3,3,3,3,3,3,3,1,0,0,0,3,3,3,3,3,2,3,3,2,3,3,3,3,3,3,3,4,3-15-7.jpg
3,15,8,ﬁº¬Ûµ∞Ã¢π˚≤Ë…≥¿≤≤Õ,41,0,2,0,3,3,3,3,3,3,3,3,3,3,3,3,3,3,3,3,3,3,3,3,3,3,3,3,3,3,3,3,3,3,3,1,0,0,0,3,3,3,3,3,2,3,3,2,3,3,3,3,3,3,3,4,3-15-8.jpg
3,15,9,‘≠Œ∂ •¥˙,11.5,0,2,0,3,3,3,3,3,3,3,3,3,3,3,3,3,3,3,3,3,3,3,3,3,3,3,3,3,3,3,3,3,3,3,1,0,0,0,3,3,3,3,3,2,3,3,2,3,3,3,3,3,3,3,5,3-15-9.jpg
3,15,10,œ„¿±º¶Õ»±§,18,1,2,0,3,3,3,3,3,3,3,3,3,3,3,3,3,3,3,3,3,3,3,3,3,3,3,3,3,3,3,3,3,3,3,1,0,0,0,3,3,3,3,3,2,3,3,2,3,3,3,3,3,3,3,5,3-15-10.jpg
3,16,1,÷•–ƒ±»»¯,99,1,2,0,3,3,3,3,3,3,3,3,3,3,3,3,3,3,3,3,3,3,3,3,3,3,3,3,3,3,3,3,3,3,3,1,0,0,0,3,3,3,3,3,2,3,3,2,3,3,3,3,3,3,3,1,3-16-1.jpg
3,16,2,“‚√Ê,34,1,2,0,3,3,3,3,3,3,3,3,3,3,3,3,3,3,3,3,3,3,3,3,3,3,3,3,3,3,3,3,3,3,3,1,0,0,0,3,3,3,3,3,2,3,3,2,3,3,3,3,3,3,3,1,3-16-2.jpg
3,16,3,–¬∞¬∂˚¡º∑Á«Èøæ»‚≈˚»¯,71,1,2,0,3,3,3,3,3,3,3,3,3,3,3,3,3,3,3,3,3,3,3,3,3,3,3,3,3,3,3,3,3,3,3,1,0,0,0,3,3,3,3,3,2,3,3,2,3,3,3,3,3,3,3,2,3-16-3.jpg
3,16,4,≥¨º∂÷¡◊±»»¯,92,1,2,0,3,3,3,3,3,3,3,3,3,3,3,3,3,3,3,3,3,3,3,3,3,3,3,3,3,3,3,3,3,3,3,1,0,0,0,3,3,3,3,3,2,3,3,2,3,3,3,3,3,3,3,2,3-16-4.jpg
3,16,5,◊…ÕÀøª¨ƒÃ≤Ë£®»»£©,22,3,1,0,3,3,3,3,3,3,3,3,3,3,3,3,3,3,3,3,3,3,3,3,3,3,3,3,3,3,3,3,3,3,3,1,0,0,0,3,3,3,3,3,2,3,3,2,3,3,3,3,3,3,3,3,3-16-5.jpg
3,16,6,Ã˙≈Ã±»»¯,74,1,2,0,3,3,3,3,3,3,3,3,3,3,3,3,3,3,3,3,3,3,3,3,3,3,3,3,3,3,3,3,3,3,3,1,0,0,0,3,3,3,3,3,2,3,3,2,3,3,3,3,3,3,3,3,3-16-6.jpg
3,16,7,œ„≤›∑ÔŒ≤œ∫,24,0,2,0,3,3,3,3,3,3,3,3,3,3,3,3,3,3,3,3,3,3,3,3,3,3,3,3,3,3,3,3,3,3,3,1,0,0,0,3,3,3,3,3,2,3,3,2,3,3,3,3,3,3,3,4,3-16-7.jpg
3,16,8,≈£≈≈,81,1,2,0,3,3,3,3,3,3,3,3,3,3,3,3,3,3,3,3,3,3,3,3,3,3,3,3,3,3,3,3,3,3,3,1,0,0,0,3,3,3,3,3,2,3,3,2,3,3,3,3,3,3,3,4,3-16-8.jpg
3,16,9,¡Ò¡´∂‡∂‡±»»¯,79,1,2,0,3,3,3,3,3,3,3,3,3,3,3,3,3,3,3,3,3,3,3,3,3,3,3,3,3,3,3,3,3,3,3,1,0,0,0,3,3,3,3,3,2,3,3,2,3,3,3,3,3,3,3,5,3-16-9.jpg
3,16,10,–°ÀÆπ˚…≥¿≠,18,0,2,0,3,3,3,3,3,3,3,3,3,3,3,3,3,3,3,3,3,3,3,3,3,3,3,3,3,3,3,3,3,3,3,1,0,0,0,3,3,3,3,3,2,3,3,2,3,3,3,3,3,3,3,5,3-16-10.jpg
3,17,1, ÌÃı,12,0,2,0,3,3,3,3,3,3,3,3,3,3,3,3,3,3,3,3,3,3,3,3,3,3,3,3,3,3,3,3,3,3,3,1,0,0,0,3,3,3,3,3,2,3,3,2,3,3,3,3,3,3,3,1,3-17-1.jpg
3,17,2,¬Û¬Û¥‡÷≠º¶,13,0,2,0,3,3,3,3,3,3,3,3,3,3,3,3,3,3,3,3,3,3,3,3,3,3,3,3,3,3,3,3,3,3,3,1,0,0,0,3,3,3,3,3,2,3,3,2,3,3,3,3,3,3,3,1,3-17-2.jpg
3,17,3,æﬁŒﬁ∞‘,35,1,2,0,3,3,3,3,3,3,3,3,3,3,3,3,3,3,3,3,3,3,3,3,3,3,3,3,3,3,3,3,3,3,3,1,0,0,0,3,3,3,3,3,2,3,3,2,3,3,3,3,3,3,3,2,3-17-3.jpg
3,17,4,∂Ì Ω∫Ï≥¶À´º¶±§,20,1,2,0,3,3,3,3,3,3,3,3,3,3,3,3,3,3,3,3,3,3,3,3,3,3,3,3,3,3,3,3,3,3,3,1,0,0,0,3,3,3,3,3,2,3,3,2,3,3,3,3,3,3,3,2,3-17-4.jpg
3,17,5,œ„”Û≈…,8,0,2,0,3,3,3,3,3,3,3,3,3,3,3,3,3,3,3,3,3,3,3,3,3,3,3,3,3,3,3,3,3,3,3,1,0,0,0,3,3,3,3,3,2,3,3,2,3,3,3,3,3,3,3,3,3-17-5.jpg
3,17,6,À´≤„º™ ø∫∫±§,18,1,2,0,3,3,3,3,3,3,3,3,3,3,3,3,3,3,3,3,3,3,3,3,3,3,3,3,3,3,3,3,3,3,3,1,0,0,0,3,3,3,3,3,2,3,3,2,3,3,3,3,3,3,3,3,3-17-6.jpg
3,17,7,¬Û¿±º¶Õ»∫∫±§,15,1,2,0,3,3,3,3,3,3,3,3,3,3,3,3,3,3,3,3,3,3,3,3,3,3,3,3,3,3,3,3,3,3,3,1,0,0,0,3,3,3,3,3,2,3,3,2,3,3,3,3,3,3,3,4,3-17-7.jpg
3,17,8,«…øÀ¡¶¬Ìø®¡˙,10,0,2,0,3,3,3,3,3,3,3,3,3,3,3,3,3,3,3,3,3,3,3,3,3,3,3,3,3,3,3,3,3,3,3,1,0,0,0,3,3,3,3,3,2,3,3,2,3,3,3,3,3,3,3,4,3-17-8.jpg
3,17,9,≥µ¿Â◊”›Æ›Æ¬Û–˝∑Á,16,0,2,0,3,3,3,3,3,3,3,3,3,3,3,3,3,3,3,3,3,3,3,3,3,3,3,3,3,3,3,3,3,3,3,1,0,0,0,3,3,3,3,3,2,3,3,2,3,3,3,3,3,3,3,5,3-17-9.jpg
3,17,10,¬Û¿±º¶≥·,16,0,2,0,3,3,3,3,3,3,3,3,3,3,3,3,3,3,3,3,3,3,3,3,3,3,3,3,3,3,3,3,3,3,3,1,0,0,0,3,3,3,3,3,2,3,3,2,3,3,3,3,3,3,3,5,3-17-10.jpg
3,18,1,Ω≈∆œ∫» ‚∆‚Ω,21,1,1,0,3,3,3,3,3,3,3,3,3,3,3,3,3,3,3,3,3,3,3,3,3,3,3,3,3,3,3,3,3,3,3,1,0,0,0,3,3,3,3,3,2,3,3,2,3,3,3,3,3,3,3,1,3-18-1.jpg
3,18,2,‹˘≤Àœ »‚‚∆‚Ω,16,1,1,0,3,3,3,3,3,3,3,3,3,3,3,3,3,3,3,3,3,3,3,3,3,3,3,3,3,3,3,3,3,3,3,1,0,0,0,3,3,3,3,3,2,3,3,2,3,3,3,3,3,3,3,1,3-18-2.jpg
3,18,3,≥¨º∂»´º“∏£,18,1,1,0,3,3,3,3,3,3,3,3,3,3,3,3,3,3,3,3,3,3,3,3,3,3,3,3,3,3,3,3,3,3,3,1,0,0,0,3,3,3,3,3,2,3,3,2,3,3,3,3,3,3,3,2,3-18-3.jpg
3,18,4,œ »‚–°‚∆‚Ω,9,1,1,0,3,3,3,3,3,3,3,3,3,3,3,3,3,3,3,3,3,3,3,3,3,3,3,3,3,3,3,3,3,3,3,1,0,0,0,3,3,3,3,3,2,3,3,2,3,3,3,3,3,3,3,2,3-18-4.jpg
3,18,5,µ∞ª∆»‚À……’¬Û,13.8,0,1,0,3,3,3,3,3,3,3,3,3,3,3,3,3,3,3,3,3,3,3,3,3,3,3,3,3,3,3,3,3,3,3,1,0,0,0,3,3,3,3,3,2,3,3,2,3,3,3,3,3,3,3,3,3-18-5.jpg
3,18,6,œ„¿±∫£‘ÂÀø,7,0,1,0,3,3,3,3,3,3,3,3,3,3,3,3,3,3,3,3,3,3,3,3,3,3,3,3,3,3,3,3,3,3,3,1,0,0,0,3,3,3,3,3,2,3,3,2,3,3,3,3,3,3,3,3,3-18-6.jpg
3,18,7,¥–”Õ±˝,5,0,1,0,3,3,3,3,3,3,3,3,3,3,3,3,3,3,3,3,3,3,3,3,3,3,3,3,3,3,3,3,3,3,3,1,0,0,0,3,3,3,3,3,2,3,3,2,3,3,3,3,3,3,3,4,3-18-7.jpg
3,18,8,»‚º–‚…,12,0,1,0,3,3,3,3,3,3,3,3,3,3,3,3,3,3,3,3,3,3,3,3,3,3,3,3,3,3,3,3,3,3,3,1,0,0,0,3,3,3,3,3,2,3,3,2,3,3,3,3,3,3,3,4,3-18-8.jpg
3,18,9,œ„¿±º¶Õ»±§,6,1,2,0,3,3,3,3,3,3,3,3,3,3,3,3,3,3,3,3,3,3,3,3,3,3,3,3,3,3,3,3,3,3,3,1,0,0,0,3,3,3,3,3,2,3,3,2,3,3,3,3,3,3,3,5,3-18-9.jpg
3,18,10,’–≈∆œ∫» œ »‚‚∆‚Ω,32.9,1,1,0,3,3,3,3,3,3,3,3,3,3,3,3,3,3,3,3,3,3,3,3,3,3,3,3,3,3,3,3,3,3,3,1,0,0,0,3,3,3,3,3,2,3,3,2,3,3,3,3,3,3,3,5,3-18-10.jpg
3,19,1,«·÷•∂‡»‚∆œÃ—,19,3,1,0,3,3,3,3,3,3,3,3,3,3,3,3,3,3,3,3,3,3,3,3,3,3,3,3,3,3,3,3,3,3,3,1,0,0,0,3,3,3,3,3,2,3,3,2,3,3,3,3,3,3,3,1,3-19-1.jpg
3,19,2,∂‡»‚∆œÃ—,28,3,1,0,3,3,3,3,3,3,3,3,3,3,3,3,3,3,3,3,3,3,3,3,3,3,3,3,3,3,3,3,3,3,3,1,0,0,0,3,3,3,3,3,2,3,3,2,3,3,3,3,3,3,3,1,3-19-2.jpg
3,19,3,øæ∫⁄Ã«≤®≤®≈£»È,19,3,1,0,3,3,3,3,3,3,3,3,3,3,3,3,3,3,3,3,3,3,3,3,3,3,3,3,3,3,3,3,3,3,3,1,0,0,0,3,3,3,3,3,2,3,3,2,3,3,3,3,3,3,3,2,3-19-3.jpg
3,19,4,“¨“¨√¢√¢,15,3,1,0,3,3,3,3,3,3,3,3,3,3,3,3,3,3,3,3,3,3,3,3,3,3,3,3,3,3,3,3,3,3,3,1,0,0,0,3,3,3,3,3,2,3,3,2,3,3,3,3,3,3,3,2,3-19-4.jpg
3,19,5,ø·∫⁄›Æ…£,18,3,1,0,3,3,3,3,3,3,3,3,3,3,3,3,3,3,3,3,3,3,3,3,3,3,3,3,3,3,3,3,3,3,3,1,0,0,0,3,3,3,3,3,2,3,3,2,3,3,3,3,3,3,3,3,3-19-5.jpg
3,19,6,øæ∫⁄Ã«≤®≤®’Ê»È≤Ë,19,3,1,0,3,3,3,3,3,3,3,3,3,3,3,3,3,3,3,3,3,3,3,3,3,3,3,3,3,3,3,3,3,3,3,1,0,0,0,3,3,3,3,3,2,3,3,2,3,3,3,3,3,3,3,3,3-19-6.jpg
3,19,7,–°ƒÃ‹‘(∞◊‹‘œ„),13,3,1,0,3,3,3,3,3,3,3,3,3,3,3,3,3,3,3,3,3,3,3,3,3,3,3,3,3,3,3,3,3,3,3,1,0,0,0,3,3,3,3,3,2,3,3,2,3,3,3,3,3,3,3,4,3-19-7.jpg
3,19,8,»•ªœÀÃÂ∆ø,19,3,1,0,3,3,3,3,3,3,3,3,3,3,3,3,3,3,3,3,3,3,3,3,3,3,3,3,3,3,3,3,3,3,3,1,0,0,0,3,3,3,3,3,2,3,3,2,3,3,3,3,3,3,3,4,3-19-8.jpg
3,19,9,…Í∫◊°§À´Ë÷œ…¬∂,19,3,1,0,3,3,3,3,3,3,3,3,3,3,3,3,3,3,3,3,3,3,3,3,3,3,3,3,3,3,3,3,3,3,3,1,0,0,0,3,3,3,3,3,2,3,3,2,3,3,3,3,3,3,3,5,3-19-9.jpg
3,19,10,∂‡»‚Ã“¿Ó,15,3,1,0,3,3,3,3,3,3,3,3,3,3,3,3,3,3,3,3,3,3,3,3,3,3,3,3,3,3,3,3,3,3,3,1,0,0,0,3,3,3,3,3,2,3,3,2,3,3,3,3,3,3,3,5,3-19-10.jpg
3,20,1,±‚»‚,16,0,1,0,3,3,3,3,3,3,3,3,3,3,3,3,3,3,3,3,3,3,3,3,3,3,3,3,3,3,3,3,3,3,3,1,0,0,0,3,3,3,3,3,2,3,3,2,3,3,3,3,3,3,3,1,3-20-1.jpg
3,20,2,∞Ë√Ê,10,1,1,0,3,3,3,3,3,3,3,3,3,3,3,3,3,3,3,3,3,3,3,3,3,3,3,3,3,3,3,3,3,3,3,1,0,0,0,3,3,3,3,3,2,3,3,2,3,3,3,3,3,3,3,1,3-20-2.jpg
3,20,3,ÀÆæß…’¬Ù,18,0,1,0,3,3,3,3,3,3,3,3,3,3,3,3,3,3,3,3,3,3,3,3,3,3,3,3,3,3,3,3,3,3,3,1,0,0,0,3,3,3,3,3,2,3,3,2,3,3,3,3,3,3,3,2,3-20-3.jpg
3,20,4,∫⁄÷Ì»‚∞¸,9,0,1,0,3,3,3,3,3,3,3,3,3,3,3,3,3,3,3,3,3,3,3,3,3,3,3,3,3,3,3,3,3,3,3,1,0,0,0,3,3,3,3,3,2,3,3,2,3,3,3,3,3,3,3,2,3-20-4.jpg
3,20,5,…≥œÿ∞Â—º,168,0,1,0,3,3,3,3,3,3,3,3,3,3,3,3,3,3,3,3,3,3,3,3,3,3,3,3,3,3,3,3,3,3,3,1,0,0,0,3,3,3,3,3,2,3,3,2,3,3,3,3,3,3,3,3,3-20-5.jpg
3,20,6,”ÛΩ»,20,0,1,0,3,3,3,3,3,3,3,3,3,3,3,3,3,3,3,3,3,3,3,3,3,3,3,3,3,3,3,3,3,3,3,1,0,0,0,3,3,3,3,3,2,3,3,2,3,3,3,3,3,3,3,3,3-20-6.jpg
3,20,7,¬±Ω“¯∞¸,15,0,1,0,3,3,3,3,3,3,3,3,3,3,3,3,3,3,3,3,3,3,3,3,3,3,3,3,3,3,3,3,3,3,3,1,0,0,0,3,3,3,3,3,2,3,3,2,3,3,3,3,3,3,3,4,3-20-7.jpg
3,20,8,∂π∏ØÕË,14,0,1,0,3,3,3,3,3,3,3,3,3,3,3,3,3,3,3,3,3,3,3,3,3,3,3,3,3,3,3,3,3,3,3,1,0,0,0,3,3,3,3,3,2,3,3,2,3,3,3,3,3,3,3,4,3-20-8.jpg
3,20,9,ÀÒº–±˝,10,0,1,0,3,3,3,3,3,3,3,3,3,3,3,3,3,3,3,3,3,3,3,3,3,3,3,3,3,3,3,3,3,3,3,1,0,0,0,3,3,3,3,3,2,3,3,2,3,3,3,3,3,3,3,5,3-20-9.jpg
3,20,10,π¯±ﬂ∫˝,15,0,1,0,3,3,3,3,3,3,3,3,3,3,3,3,3,3,3,3,3,3,3,3,3,3,3,3,3,3,3,3,3,3,3,1,0,0,0,3,3,3,3,3,2,3,3,2,3,3,3,3,3,3,3,5,3-20-10.jpg
